Date,rainfall
01/01/2006,35.2
02/01/2006,7.4
03/01/2006,0.2
04/01/2006,0.0
05/01/2006,0.0
06/01/2006,0.0
07/01/2006,0.0
08/01/2006,0.0
09/01/2006,0.0
10/01/2006,0.0
11/01/2006,0.0
12/01/2006,0.0
13/01/2006,0.0
14/01/2006,0.0
15/01/2006,0.0
16/01/2006,0.0
17/01/2006,11.6
18/01/2006,88.2
19/01/2006,11.6
20/01/2006,0.0
21/01/2006,0.0
22/01/2006,1.2
23/01/2006,0.0
24/01/2006,0.0
25/01/2006,0.0
26/01/2006,0.0
27/01/2006,18.6
28/01/2006,5.0
29/01/2006,2.2
30/01/2006,5.0
31/01/2006,0.0
01/02/2006,0.0
02/02/2006,0.0
03/02/2006,0.0
04/02/2006,0.0
05/02/2006,0.0
06/02/2006,0.0
07/02/2006,0.0
08/02/2006,0.0
09/02/2006,6.0
10/02/2006,0.0
11/02/2006,0.0
12/02/2006,0.0
13/02/2006,0.0
14/02/2006,0.0
15/02/2006,15.6
16/02/2006,54.4
17/02/2006,35.0
18/02/2006,0.6
19/02/2006,0.8
20/02/2006,18.2
21/02/2006,25.0
22/02/2006,6.8
23/02/2006,2.2
24/02/2006,0.0
25/02/2006,1.0
26/02/2006,0.8
27/02/2006,1.6
28/02/2006,0.0
01/03/2006,1.0
02/03/2006,0.2
03/03/2006,13.2
04/03/2006,5.8
05/03/2006,13.2
06/03/2006,16.2
07/03/2006,0.0
08/03/2006,0.0
09/03/2006,3.0
10/03/2006,9.8
11/03/2006,8.2
12/03/2006,0.0
13/03/2006,0.0
14/03/2006,0.0
15/03/2006,0.0
16/03/2006,5.6
17/03/2006,0.0
18/03/2006,0.0
19/03/2006,0.0
20/03/2006,0.0
21/03/2006,14.4
22/03/2006,6.4
23/03/2006,0.6
24/03/2006,0.2
25/03/2006,5.0
26/03/2006,0.0
27/03/2006,0.0
28/03/2006,0.0
29/03/2006,0.8
30/03/2006,0.0
31/03/2006,0.0
01/04/2006,0.0
02/04/2006,0.0
03/04/2006,0.0
04/04/2006,0.0
05/04/2006,0.0
06/04/2006,1.6
07/04/2006,3.4
08/04/2006,0.0
09/04/2006,0.0
10/04/2006,0.0
11/04/2006,1.0
12/04/2006,0.0
13/04/2006,0.2
14/04/2006,0.0
15/04/2006,0.0
16/04/2006,2.6
17/04/2006,0.2
18/04/2006,0.0
19/04/2006,0.0
20/04/2006,0.0
21/04/2006,0.0
22/04/2006,0.8
23/04/2006,0.0
24/04/2006,0.0
25/04/2006,0.0
26/04/2006,0.0
27/04/2006,1.2
28/04/2006,0.4
29/04/2006,3.0
30/04/2006,17.2
01/05/2006,3.4
02/05/2006,0.0
03/05/2006,0.0
04/05/2006,0.0
05/05/2006,0.0
06/05/2006,0.0
07/05/2006,0.0
08/05/2006,0.0
09/05/2006,14.8
10/05/2006,1.4
11/05/2006,10.4
12/05/2006,0.0
13/05/2006,0.0
14/05/2006,4.4
15/05/2006,0.0
16/05/2006,0.0
17/05/2006,0.0
18/05/2006,0.0
19/05/2006,0.0
20/05/2006,0.0
21/05/2006,0.0
22/05/2006,0.0
23/05/2006,0.0
24/05/2006,7.8
25/05/2006,0.0
26/05/2006,0.0
27/05/2006,0.0
28/05/2006,0.0
29/05/2006,0.0
30/05/2006,19.6
31/05/2006,0.2
01/06/2006,0.0
02/06/2006,0.0
03/06/2006,0.0
04/06/2006,0.0
05/06/2006,0.0
06/06/2006,0.0
07/06/2006,5.0
08/06/2006,0.0
09/06/2006,0.0
10/06/2006,0.0
11/06/2006,0.0
12/06/2006,0.0
13/06/2006,0.0
14/06/2006,0.0
15/06/2006,0.0
16/06/2006,0.0
17/06/2006,0.0
18/06/2006,0.0
19/06/2006,0.0
20/06/2006,0.0
21/06/2006,0.0
22/06/2006,0.0
23/06/2006,0.0
24/06/2006,0.0
25/06/2006,0.0
26/06/2006,0.0
27/06/2006,0.0
28/06/2006,0.0
29/06/2006,0.0
30/06/2006,0.0
01/07/2006,0.0
02/07/2006,0.0
03/07/2006,0.0
04/07/2006,0.0
05/07/2006,0.0
06/07/2006,0.0
07/07/2006,6.6
08/07/2006,21.4
09/07/2006,0.0
10/07/2006,0.0
11/07/2006,0.0
12/07/2006,0.0
13/07/2006,0.4
14/07/2006,0.2
15/07/2006,0.8
16/07/2006,2.4
17/07/2006,0.0
18/07/2006,0.0
19/07/2006,0.0
20/07/2006,0.0
21/07/2006,0.0
22/07/2006,0.0
23/07/2006,0.0
24/07/2006,0.0
25/07/2006,0.2
26/07/2006,0.0
27/07/2006,0.0
28/07/2006,0.0
29/07/2006,0.0
30/07/2006,3.2
31/07/2006,0.0
01/08/2006,0.0
02/08/2006,10.4
03/08/2006,0.0
04/08/2006,2.0
05/08/2006,0.0
06/08/2006,2.6
07/08/2006,0.0
08/08/2006,0.0
09/08/2006,0.0
10/08/2006,0.0
11/08/2006,3.8
12/08/2006,31.4
13/08/2006,5.0
14/08/2006,6.4
15/08/2006,7.6
16/08/2006,0.0
17/08/2006,0.0
18/08/2006,0.6
19/08/2006,0.2
20/08/2006,0.0
21/08/2006,0.0
22/08/2006,0.0
23/08/2006,0.0
24/08/2006,0.0
25/08/2006,0.0
26/08/2006,0.0
27/08/2006,8.0
28/08/2006,0.0
29/08/2006,4.6
30/08/2006,3.2
31/08/2006,0.0
01/09/2006,0.0
02/09/2006,0.0
03/09/2006,0.0
04/09/2006,0.0
05/09/2006,0.0
06/09/2006,0.0
07/09/2006,0.0
08/09/2006,0.0
09/09/2006,0.0
10/09/2006,0.0
11/09/2006,0.0
12/09/2006,0.0
13/09/2006,0.0
14/09/2006,0.0
15/09/2006,32.2
16/09/2006,0.0
17/09/2006,15.8
18/09/2006,0.0
19/09/2006,0.0
20/09/2006,0.0
21/09/2006,0.0
22/09/2006,0.0
23/09/2006,0.0
24/09/2006,0.0
25/09/2006,0.6
26/09/2006,15.2
27/09/2006,0.4
28/09/2006,0.0
29/09/2006,0.0
30/09/2006,0.0
01/10/2006,0.0
02/10/2006,0.2
03/10/2006,0.0
04/10/2006,0.0
05/10/2006,3.6
06/10/2006,0.0
07/10/2006,0.0
08/10/2006,8.6
09/10/2006,0.0
10/10/2006,0.0
11/10/2006,0.0
12/10/2006,0.0
13/10/2006,0.0
14/10/2006,0.0
15/10/2006,0.0
16/10/2006,0.0
17/10/2006,0.0
18/10/2006,0.0
19/10/2006,0.0
20/10/2006,18.6
21/10/2006,7.2
22/10/2006,8.6
23/10/2006,0.6
24/10/2006,0.0
25/10/2006,0.0
26/10/2006,0.0
27/10/2006,0.0
28/10/2006,0.0
29/10/2006,0.0
30/10/2006,0.0
31/10/2006,0.0
01/11/2006,0.4
02/11/2006,0.0
03/11/2006,0.0
04/11/2006,0.0
05/11/2006,0.0
06/11/2006,0.0
07/11/2006,0.0
08/11/2006,0.0
09/11/2006,2.4
10/11/2006,0.0
11/11/2006,0.0
12/11/2006,2.4
13/11/2006,0.0
14/11/2006,0.0
15/11/2006,0.6
16/11/2006,1.6
17/11/2006,3.0
18/11/2006,12.6
19/11/2006,13.6
20/11/2006,115.0
21/11/2006,0.2
22/11/2006,24.2
23/11/2006,0.0
24/11/2006,1.4
25/11/2006,0.8
26/11/2006,0.0
27/11/2006,0.0
28/11/2006,0.0
29/11/2006,0.0
30/11/2006,0.0
01/12/2006,0.0
02/12/2006,0.0
03/12/2006,3.6
04/12/2006,41.6
05/12/2006,10.6
06/12/2006,10.4
07/12/2006,31.0
08/12/2006,1.8
09/12/2006,48.2
10/12/2006,11.0
11/12/2006,0.0
12/12/2006,0.0
13/12/2006,0.0
14/12/2006,0.0
15/12/2006,0.0
16/12/2006,0.0
17/12/2006,1.2
18/12/2006,0.8
19/12/2006,0.0
20/12/2006,0.0
21/12/2006,0.0
22/12/2006,0.0
23/12/2006,0.0
24/12/2006,0.0
25/12/2006,0.0
26/12/2006,0.0
27/12/2006,0.0
28/12/2006,0.0
29/12/2006,0.0
30/12/2006,0.0
31/12/2006,19.6
01/01/2007,10.6
02/01/2007,39.4
03/01/2007,0.0
04/01/2007,0.0
05/01/2007,2.2
06/01/2007,0.0
07/01/2007,0.2
08/01/2007,14.6
09/01/2007,5.6
10/01/2007,0.0
11/01/2007,0.2
12/01/2007,0.0
13/01/2007,0.0
14/01/2007,0.0
15/01/2007,0.0
16/01/2007,0.0
17/01/2007,6.0
18/01/2007,6.0
19/01/2007,8.2
20/01/2007,0.2
21/01/2007,0.6
22/01/2007,0.0
23/01/2007,5.0
24/01/2007,36.0
25/01/2007,31.2
26/01/2007,2.6
27/01/2007,0.4
28/01/2007,0.2
29/01/2007,0.0
30/01/2007,0.0
31/01/2007,0.0
01/02/2007,0.0
02/02/2007,0.0
03/02/2007,0.0
04/02/2007,0.0
05/02/2007,0.0
06/02/2007,5.4
07/02/2007,40.6
08/02/2007,25.2
09/02/2007,10.4
10/02/2007,0.2
11/02/2007,0.0
12/02/2007,5.2
13/02/2007,32.8
14/02/2007,0.0
15/02/2007,6.4
16/02/2007,0.2
17/02/2007,0.0
18/02/2007,0.0
19/02/2007,0.0
20/02/2007,0.0
21/02/2007,0.0
22/02/2007,0.4
23/02/2007,0.2
24/02/2007,0.0
25/02/2007,12.4
26/02/2007,35.6
27/02/2007,0.0
28/02/2007,0.0
01/03/2007,1.8
02/03/2007,1.0
03/03/2007,0.6
04/03/2007,0.0
05/03/2007,0.0
06/03/2007,0.0
07/03/2007,8.2
08/03/2007,7.2
09/03/2007,0.0
10/03/2007,0.0
11/03/2007,0.0
12/03/2007,0.0
13/03/2007,0.0
14/03/2007,0.0
15/03/2007,0.0
16/03/2007,0.0
17/03/2007,0.0
18/03/2007,0.0
19/03/2007,11.4
20/03/2007,29.6
21/03/2007,0.0
22/03/2007,0.0
23/03/2007,0.0
24/03/2007,0.0
25/03/2007,0.0
26/03/2007,3.2
27/03/2007,3.4
28/03/2007,0.0
29/03/2007,0.0
30/03/2007,16.4
31/03/2007,4.0
01/04/2007,4.2
02/04/2007,0.0
03/04/2007,0.0
04/04/2007,0.6
05/04/2007,0.2
06/04/2007,0.0
07/04/2007,0.0
08/04/2007,0.0
09/04/2007,0.0
10/04/2007,0.0
11/04/2007,0.0
12/04/2007,0.0
13/04/2007,0.0
14/04/2007,0.0
15/04/2007,0.0
16/04/2007,0.0
17/04/2007,0.0
18/04/2007,0.0
19/04/2007,0.0
20/04/2007,0.0
21/04/2007,0.0
22/04/2007,0.0
23/04/2007,0.0
24/04/2007,0.0
25/04/2007,0.0
26/04/2007,0.2
27/04/2007,0.0
28/04/2007,2.6
29/04/2007,0.0
30/04/2007,0.0
01/05/2007,11.6
02/05/2007,6.4
03/05/2007,3.6
04/05/2007,28.2
05/05/2007,18.0
06/05/2007,0.0
07/05/2007,6.2
08/05/2007,0.0
09/05/2007,0.0
10/05/2007,0.0
11/05/2007,0.0
12/05/2007,0.0
13/05/2007,0.0
14/05/2007,0.0
15/05/2007,0.0
16/05/2007,0.2
17/05/2007,0.0
18/05/2007,0.0
19/05/2007,0.0
20/05/2007,0.0
21/05/2007,0.0
22/05/2007,0.0
23/05/2007,0.0
24/05/2007,1.2
25/05/2007,0.0
26/05/2007,0.0
27/05/2007,0.2
28/05/2007,4.8
29/05/2007,34.6
30/05/2007,0.0
31/05/2007,0.0
01/06/2007,0.0
02/06/2007,4.8
03/06/2007,9.8
04/06/2007,0.0
05/06/2007,0.0
06/06/2007,0.0
07/06/2007,3.0
08/06/2007,4.0
09/06/2007,0.0
10/06/2007,0.0
11/06/2007,0.0
12/06/2007,0.0
13/06/2007,0.0
14/06/2007,0.0
15/06/2007,0.0
16/06/2007,0.0
17/06/2007,0.0
18/06/2007,0.0
19/06/2007,0.0
20/06/2007,0.0
21/06/2007,0.0
22/06/2007,0.0
23/06/2007,0.0
24/06/2007,0.0
25/06/2007,0.0
26/06/2007,0.0
27/06/2007,0.0
28/06/2007,0.0
29/06/2007,0.0
30/06/2007,0.0
01/07/2007,0.0
02/07/2007,0.0
03/07/2007,0.0
04/07/2007,5.2
05/07/2007,0.0
06/07/2007,0.0
07/07/2007,0.0
08/07/2007,0.0
09/07/2007,0.0
10/07/2007,0.0
11/07/2007,0.0
12/07/2007,0.0
13/07/2007,0.0
14/07/2007,0.0
15/07/2007,0.0
16/07/2007,0.0
17/07/2007,0.0
18/07/2007,0.0
19/07/2007,0.0
20/07/2007,0.0
21/07/2007,0.0
22/07/2007,0.0
23/07/2007,0.0
24/07/2007,0.6
25/07/2007,0.0
26/07/2007,0.0
27/07/2007,0.0
28/07/2007,0.0
29/07/2007,0.0
30/07/2007,0.0
31/07/2007,0.0
01/08/2007,0.0
02/08/2007,0.0
03/08/2007,0.0
04/08/2007,3.6
05/08/2007,0.0
06/08/2007,0.0
07/08/2007,0.0
08/08/2007,0.0
09/08/2007,6.2
10/08/2007,0.0
11/08/2007,4.6
12/08/2007,0.0
13/08/2007,10.6
14/08/2007,1.2
15/08/2007,0.0
16/08/2007,0.0
17/08/2007,0.0
18/08/2007,0.0
19/08/2007,0.0
20/08/2007,7.8
21/08/2007,9.2
22/08/2007,5.6
23/08/2007,0.2
24/08/2007,8.6
25/08/2007,0.0
26/08/2007,0.0
27/08/2007,0.0
28/08/2007,0.0
29/08/2007,0.0
30/08/2007,0.0
31/08/2007,0.0
01/09/2007,0.0
02/09/2007,0.0
03/09/2007,0.0
04/09/2007,21.6
05/09/2007,1.0
06/09/2007,0.0
07/09/2007,0.0
08/09/2007,0.0
09/09/2007,0.0
10/09/2007,0.0
11/09/2007,0.0
12/09/2007,0.0
13/09/2007,0.0
14/09/2007,0.0
15/09/2007,0.0
16/09/2007,0.0
17/09/2007,20.2
18/09/2007,0.2
19/09/2007,0.0
20/09/2007,0.0
21/09/2007,0.0
22/09/2007,0.0
23/09/2007,0.0
24/09/2007,0.0
25/09/2007,0.0
26/09/2007,0.0
27/09/2007,14.8
28/09/2007,40.2
29/09/2007,9.8
30/09/2007,0.0
01/10/2007,0.0
02/10/2007,0.0
03/10/2007,0.0
04/10/2007,0.0
05/10/2007,0.0
06/10/2007,0.0
07/10/2007,0.8
08/10/2007,0.0
09/10/2007,0.0
10/10/2007,0.0
11/10/2007,0.0
12/10/2007,0.0
13/10/2007,0.0
14/10/2007,0.0
15/10/2007,0.0
16/10/2007,0.0
17/10/2007,0.0
18/10/2007,0.0
19/10/2007,0.0
20/10/2007,0.0
21/10/2007,0.0
22/10/2007,0.0
23/10/2007,0.0
24/10/2007,0.8
25/10/2007,15.6
26/10/2007,17.2
27/10/2007,19.0
28/10/2007,0.0
29/10/2007,0.0
30/10/2007,12.2
31/10/2007,9.8
01/11/2007,0.0
02/11/2007,0.0
03/11/2007,0.0
04/11/2007,0.0
05/11/2007,0.0
06/11/2007,0.0
07/11/2007,0.0
08/11/2007,0.0
09/11/2007,3.4
10/11/2007,2.0
11/11/2007,0.0
12/11/2007,0.4
13/11/2007,0.0
14/11/2007,5.4
15/11/2007,1.4
16/11/2007,0.0
17/11/2007,0.0
18/11/2007,0.0
19/11/2007,0.0
20/11/2007,0.0
21/11/2007,0.0
22/11/2007,0.4
23/11/2007,8.8
24/11/2007,17.6
25/11/2007,23.2
26/11/2007,0.2
27/11/2007,0.0
28/11/2007,0.0
29/11/2007,0.0
30/11/2007,0.0
01/12/2007,0.0
02/12/2007,7.6
03/12/2007,11.8
04/12/2007,15.8
05/12/2007,0.0
06/12/2007,0.0
07/12/2007,0.0
08/12/2007,13.4
09/12/2007,2.0
10/12/2007,29.2
11/12/2007,0.0
12/12/2007,0.0
13/12/2007,0.0
14/12/2007,0.0
15/12/2007,0.0
16/12/2007,0.0
17/12/2007,0.0
18/12/2007,0.0
19/12/2007,0.0
20/12/2007,0.0
21/12/2007,0.0
22/12/2007,0.0
23/12/2007,16.2
24/12/2007,6.2
25/12/2007,0.0
26/12/2007,0.0
27/12/2007,0.0
28/12/2007,0.0
29/12/2007,0.0
30/12/2007,0.0
31/12/2007,9.0
01/01/2008,0.0
02/01/2008,0.0
03/01/2008,0.0
04/01/2008,12.2
05/01/2008,8.6
06/01/2008,28.6
07/01/2008,8.4
08/01/2008,2.4
09/01/2008,0.2
10/01/2008,0.4
11/01/2008,1.8
12/01/2008,15.4
13/01/2008,13.8
14/01/2008,0.2
15/01/2008,7.8
16/01/2008,23.6
17/01/2008,57.8
18/01/2008,0.0
19/01/2008,0.0
20/01/2008,0.0
21/01/2008,0.0
22/01/2008,3.0
23/01/2008,0.4
24/01/2008,0.0
25/01/2008,0.0
26/01/2008,0.0
27/01/2008,0.0
28/01/2008,0.0
29/01/2008,0.0
30/01/2008,0.0
31/01/2008,4.4
01/02/2008,1.0
02/02/2008,5.6
03/02/2008,10.4
04/02/2008,15.0
05/02/2008,5.2
06/02/2008,0.0
07/02/2008,0.0
08/02/2008,0.0
09/02/2008,0.0
10/02/2008,0.0
11/02/2008,0.0
12/02/2008,0.0
13/02/2008,0.0
14/02/2008,0.0
15/02/2008,0.0
16/02/2008,0.0
17/02/2008,0.0
18/02/2008,0.0
19/02/2008,0.0
20/02/2008,0.0
21/02/2008,0.0
22/02/2008,0.0
23/02/2008,0.0
24/02/2008,0.0
25/02/2008,0.0
26/02/2008,0.0
27/02/2008,17.4
28/02/2008,4.2
29/02/2008,0.0
01/03/2008,3.8
02/03/2008,0.2
03/03/2008,0.0
04/03/2008,0.2
05/03/2008,7.8
06/03/2008,0.0
07/03/2008,15.2
08/03/2008,10.0
09/03/2008,0.2
10/03/2008,8.8
11/03/2008,37.6
12/03/2008,0.2
13/03/2008,0.0
14/03/2008,0.0
15/03/2008,0.0
16/03/2008,0.2
17/03/2008,0.8
18/03/2008,11.8
19/03/2008,8.2
20/03/2008,6.4
21/03/2008,0.0
22/03/2008,59.8
23/03/2008,7.6
24/03/2008,25.2
25/03/2008,6.0
26/03/2008,0.2
27/03/2008,0.2
28/03/2008,5.6
29/03/2008,0.0
30/03/2008,0.0
31/03/2008,0.0
01/04/2008,0.0
02/04/2008,0.0
03/04/2008,0.0
04/04/2008,0.8
05/04/2008,0.0
06/04/2008,0.0
07/04/2008,0.4
08/04/2008,0.0
09/04/2008,1.2
10/04/2008,13.6
11/04/2008,5.6
12/04/2008,11.0
13/04/2008,3.4
14/04/2008,2.6
15/04/2008,7.6
16/04/2008,3.8
17/04/2008,0.0
18/04/2008,29.8
19/04/2008,13.4
20/04/2008,0.0
21/04/2008,9.2
22/04/2008,19.4
23/04/2008,4.2
24/04/2008,0.0
25/04/2008,0.0
26/04/2008,0.0
27/04/2008,0.0
28/04/2008,0.0
29/04/2008,5.0
30/04/2008,0.6
01/05/2008,0.0
02/05/2008,0.0
03/05/2008,0.0
04/05/2008,0.0
05/05/2008,0.0
06/05/2008,1.2
07/05/2008,0.0
08/05/2008,0.0
09/05/2008,0.0
10/05/2008,0.0
11/05/2008,0.0
12/05/2008,0.0
13/05/2008,0.2
14/05/2008,0.0
15/05/2008,4.4
16/05/2008,0.0
17/05/2008,4.6
18/05/2008,20.4
19/05/2008,3.0
20/05/2008,20.8
21/05/2008,4.0
22/05/2008,12.4
23/05/2008,3.2
24/05/2008,0.0
25/05/2008,0.6
26/05/2008,0.2
27/05/2008,0.0
28/05/2008,0.0
29/05/2008,2.0
30/05/2008,13.6
31/05/2008,8.2
01/06/2008,0.0
02/06/2008,0.0
03/06/2008,2.0
04/06/2008,0.0
05/06/2008,20.4
06/06/2008,2.8
07/06/2008,0.0
08/06/2008,2.2
09/06/2008,1.2
10/06/2008,6.6
11/06/2008,0.0
12/06/2008,0.0
13/06/2008,5.6
14/06/2008,17.4
15/06/2008,1.8
16/06/2008,1.4
17/06/2008,1.4
18/06/2008,8.4
19/06/2008,0.0
20/06/2008,0.0
21/06/2008,0.0
22/06/2008,0.0
23/06/2008,0.0
24/06/2008,0.0
25/06/2008,0.0
26/06/2008,0.0
27/06/2008,0.0
28/06/2008,0.0
29/06/2008,0.0
30/06/2008,0.0
01/07/2008,0.0
02/07/2008,0.0
03/07/2008,0.0
04/07/2008,0.0
05/07/2008,0.0
06/07/2008,0.0
07/07/2008,0.0
08/07/2008,0.0
09/07/2008,0.0
10/07/2008,0.0
11/07/2008,0.0
12/07/2008,0.0
13/07/2008,0.0
14/07/2008,0.0
15/07/2008,0.4
16/07/2008,0.0
17/07/2008,0.0
18/07/2008,0.0
19/07/2008,0.0
20/07/2008,0.0
21/07/2008,6.8
22/07/2008,0.2
23/07/2008,0.0
24/07/2008,0.0
25/07/2008,0.0
26/07/2008,0.0
27/07/2008,0.0
28/07/2008,0.2
29/07/2008,0.6
30/07/2008,0.0
31/07/2008,0.0
01/08/2008,0.8
02/08/2008,0.0
03/08/2008,0.0
04/08/2008,0.0
05/08/2008,0.0
06/08/2008,0.0
07/08/2008,0.0
08/08/2008,0.0
09/08/2008,0.0
10/08/2008,0.0
11/08/2008,0.0
12/08/2008,0.0
13/08/2008,0.0
14/08/2008,0.0
15/08/2008,1.2
16/08/2008,0.6
17/08/2008,0.0
18/08/2008,0.0
19/08/2008,0.0
20/08/2008,0.0
21/08/2008,0.0
22/08/2008,0.0
23/08/2008,0.4
24/08/2008,0.6
25/08/2008,0.0
26/08/2008,0.0
27/08/2008,0.0
28/08/2008,0.0
29/08/2008,0.0
30/08/2008,0.0
31/08/2008,0.0
01/09/2008,0.0
02/09/2008,0.0
03/09/2008,0.0
04/09/2008,0.0
05/09/2008,0.0
06/09/2008,0.0
07/09/2008,0.0
08/09/2008,0.0
09/09/2008,0.0
10/09/2008,0.0
11/09/2008,0.0
12/09/2008,0.0
13/09/2008,8.2
14/09/2008,23.0
15/09/2008,0.0
16/09/2008,10.8
17/09/2008,0.0
18/09/2008,0.0
19/09/2008,2.0
20/09/2008,9.8
21/09/2008,0.0
22/09/2008,0.4
23/09/2008,0.0
24/09/2008,0.0
25/09/2008,0.0
26/09/2008,0.0
27/09/2008,0.0
28/09/2008,0.0
29/09/2008,0.0
30/09/2008,0.0
01/10/2008,3.2
02/10/2008,0.0
03/10/2008,2.2
04/10/2008,0.6
05/10/2008,0.0
06/10/2008,0.0
07/10/2008,0.4
08/10/2008,3.6
09/10/2008,0.0
10/10/2008,0.0
11/10/2008,0.0
12/10/2008,0.0
13/10/2008,0.0
14/10/2008,0.0
15/10/2008,0.0
16/10/2008,0.8
17/10/2008,14.6
18/10/2008,1.0
19/10/2008,0.0
20/10/2008,0.0
21/10/2008,1.6
22/10/2008,1.6
23/10/2008,0.0
24/10/2008,0.0
25/10/2008,0.2
26/10/2008,0.0
27/10/2008,0.0
28/10/2008,20.8
29/10/2008,48.8
30/10/2008,54.4
31/10/2008,39.8
01/11/2008,33.6
02/11/2008,0.0
03/11/2008,3.6
04/11/2008,14.4
05/11/2008,20.2
06/11/2008,0.6
07/11/2008,0.4
08/11/2008,0.0
09/11/2008,0.0
10/11/2008,0.0
11/11/2008,0.4
12/11/2008,19.0
13/11/2008,62.4
14/11/2008,2.8
15/11/2008,0.2
16/11/2008,0.0
17/11/2008,0.0
18/11/2008,0.0
19/11/2008,0.0
20/11/2008,0.0
21/11/2008,0.6
22/11/2008,2.0
23/11/2008,0.0
24/11/2008,33.0
25/11/2008,8.0
26/11/2008,0.0
27/11/2008,0.0
28/11/2008,43.0
29/11/2008,33.0
30/11/2008,46.4
01/12/2008,43.4
02/12/2008,7.6
03/12/2008,0.0
04/12/2008,0.0
05/12/2008,0.0
06/12/2008,0.0
07/12/2008,0.0
08/12/2008,0.0
09/12/2008,0.0
10/12/2008,0.0
11/12/2008,0.0
12/12/2008,0.0
13/12/2008,0.0
14/12/2008,0.0
15/12/2008,0.0
16/12/2008,0.0
17/12/2008,0.0
18/12/2008,0.0
19/12/2008,0.0
20/12/2008,0.0
21/12/2008,0.0
22/12/2008,0.0
23/12/2008,0.0
24/12/2008,0.0
25/12/2008,0.0
26/12/2008,0.0
27/12/2008,0.0
28/12/2008,0.0
29/12/2008,0.0
30/12/2008,0.0
31/12/2008,0.0
01/01/2009,
02/01/2009,
03/01/2009,
04/01/2009,
05/01/2009,
06/01/2009,
07/01/2009,
08/01/2009,
09/01/2009,
10/01/2009,
11/01/2009,
12/01/2009,
13/01/2009,
14/01/2009,
15/01/2009,
16/01/2009,
17/01/2009,
18/01/2009,
19/01/2009,
20/01/2009,
21/01/2009,
22/01/2009,
23/01/2009,
24/01/2009,
25/01/2009,
26/01/2009,
27/01/2009,
28/01/2009,
29/01/2009,
30/01/2009,
31/01/2009,
01/02/2009,
02/02/2009,
03/02/2009,
04/02/2009,
05/02/2009,
06/02/2009,
07/02/2009,
08/02/2009,
09/02/2009,
10/02/2009,
11/02/2009,
12/02/2009,
13/02/2009,
14/02/2009,
15/02/2009,
16/02/2009,
17/02/2009,
18/02/2009,
19/02/2009,
20/02/2009,
21/02/2009,
22/02/2009,
23/02/2009,
24/02/2009,
25/02/2009,
26/02/2009,
27/02/2009,
28/02/2009,
01/03/2009,
02/03/2009,
03/03/2009,
04/03/2009,
05/03/2009,
06/03/2009,
07/03/2009,
08/03/2009,
09/03/2009,
10/03/2009,
11/03/2009,
12/03/2009,
13/03/2009,
14/03/2009,
15/03/2009,
16/03/2009,
17/03/2009,
18/03/2009,
19/03/2009,
20/03/2009,
21/03/2009,
22/03/2009,
23/03/2009,
24/03/2009,
25/03/2009,
26/03/2009,
27/03/2009,
28/03/2009,
29/03/2009,
30/03/2009,
31/03/2009,
01/04/2009,
02/04/2009,
03/04/2009,
04/04/2009,
05/04/2009,
06/04/2009,
07/04/2009,
08/04/2009,
09/04/2009,
10/04/2009,
11/04/2009,
12/04/2009,
13/04/2009,
14/04/2009,
15/04/2009,
16/04/2009,
17/04/2009,
18/04/2009,
19/04/2009,
20/04/2009,
21/04/2009,
22/04/2009,
23/04/2009,
24/04/2009,
25/04/2009,
26/04/2009,
27/04/2009,
28/04/2009,
29/04/2009,
30/04/2009,
01/05/2009,
02/05/2009,
03/05/2009,
04/05/2009,
05/05/2009,
06/05/2009,
07/05/2009,
08/05/2009,
09/05/2009,
10/05/2009,
11/05/2009,
12/05/2009,
13/05/2009,
14/05/2009,
15/05/2009,
16/05/2009,
17/05/2009,
18/05/2009,
19/05/2009,
20/05/2009,
21/05/2009,
22/05/2009,
23/05/2009,
24/05/2009,
25/05/2009,
26/05/2009,
27/05/2009,
28/05/2009,
29/05/2009,
30/05/2009,
31/05/2009,
01/06/2009,
02/06/2009,
03/06/2009,
04/06/2009,
05/06/2009,
06/06/2009,
07/06/2009,
08/06/2009,
09/06/2009,
10/06/2009,
11/06/2009,
12/06/2009,
13/06/2009,
14/06/2009,
15/06/2009,
16/06/2009,
17/06/2009,
18/06/2009,
19/06/2009,
20/06/2009,
21/06/2009,
22/06/2009,
23/06/2009,
24/06/2009,
25/06/2009,
26/06/2009,
27/06/2009,
28/06/2009,
29/06/2009,
30/06/2009,
01/07/2009,
02/07/2009,
03/07/2009,
04/07/2009,
05/07/2009,
06/07/2009,
07/07/2009,
08/07/2009,
09/07/2009,
10/07/2009,
11/07/2009,
12/07/2009,
13/07/2009,
14/07/2009,
15/07/2009,
16/07/2009,
17/07/2009,
18/07/2009,
19/07/2009,
20/07/2009,
21/07/2009,
22/07/2009,
23/07/2009,
24/07/2009,
25/07/2009,
26/07/2009,
27/07/2009,
28/07/2009,
29/07/2009,
30/07/2009,
31/07/2009,
01/08/2009,
02/08/2009,
03/08/2009,
04/08/2009,
05/08/2009,
06/08/2009,
07/08/2009,
08/08/2009,
09/08/2009,
10/08/2009,
11/08/2009,
12/08/2009,
13/08/2009,
14/08/2009,
15/08/2009,
16/08/2009,
17/08/2009,
18/08/2009,
19/08/2009,
20/08/2009,
21/08/2009,
22/08/2009,
23/08/2009,
24/08/2009,
25/08/2009,
26/08/2009,
27/08/2009,
28/08/2009,
29/08/2009,
30/08/2009,
31/08/2009,
01/09/2009,
02/09/2009,
03/09/2009,
04/09/2009,
05/09/2009,
06/09/2009,
07/09/2009,
08/09/2009,
09/09/2009,
10/09/2009,
11/09/2009,
12/09/2009,
13/09/2009,
14/09/2009,
15/09/2009,
16/09/2009,
17/09/2009,
18/09/2009,
19/09/2009,
20/09/2009,
21/09/2009,
22/09/2009,
23/09/2009,
24/09/2009,
25/09/2009,
26/09/2009,
27/09/2009,
28/09/2009,
29/09/2009,
30/09/2009,
01/10/2009,
02/10/2009,
03/10/2009,
04/10/2009,
05/10/2009,
06/10/2009,
07/10/2009,
08/10/2009,
09/10/2009,
10/10/2009,
11/10/2009,
12/10/2009,
13/10/2009,
14/10/2009,
15/10/2009,
16/10/2009,
17/10/2009,
18/10/2009,
19/10/2009,
20/10/2009,
21/10/2009,
22/10/2009,
23/10/2009,
24/10/2009,
25/10/2009,
26/10/2009,
27/10/2009,
28/10/2009,
29/10/2009,
30/10/2009,
31/10/2009,
01/11/2009,
02/11/2009,
03/11/2009,
04/11/2009,
05/11/2009,
06/11/2009,
07/11/2009,
08/11/2009,
09/11/2009,
10/11/2009,
11/11/2009,
12/11/2009,
13/11/2009,
14/11/2009,
15/11/2009,
16/11/2009,
17/11/2009,
18/11/2009,
19/11/2009,
20/11/2009,
21/11/2009,
22/11/2009,
23/11/2009,
24/11/2009,
25/11/2009,
26/11/2009,
27/11/2009,
28/11/2009,
29/11/2009,
30/11/2009,
01/12/2009,
02/12/2009,
03/12/2009,
04/12/2009,
05/12/2009,
06/12/2009,
07/12/2009,
08/12/2009,
09/12/2009,
10/12/2009,
11/12/2009,
12/12/2009,
13/12/2009,
14/12/2009,
15/12/2009,
16/12/2009,
17/12/2009,
18/12/2009,
19/12/2009,
20/12/2009,
21/12/2009,
22/12/2009,
23/12/2009,
24/12/2009,
25/12/2009,
26/12/2009,
27/12/2009,
28/12/2009,
29/12/2009,
30/12/2009,
31/12/2009,
01/01/2010,58.6
02/01/2010,11.0
03/01/2010,0.0
04/01/2010,0.6
05/01/2010,11.9
06/01/2010,8.0
07/01/2010,8.0
08/01/2010,14.6
09/01/2010,11.1
10/01/2010,37.0
11/01/2010,5.5
12/01/2010,0.5
13/01/2010,0.0
14/01/2010,0.0
15/01/2010,0.0
16/01/2010,0.0
17/01/2010,0.1
18/01/2010,0.0
19/01/2010,0.0
20/01/2010,0.0
21/01/2010,0.0
22/01/2010,0.0
23/01/2010,0.0
24/01/2010,0.0
25/01/2010,0.0
26/01/2010,0.0
27/01/2010,2.1
28/01/2010,0.0
29/01/2010,0.0
30/01/2010,0.0
31/01/2010,0.0
01/02/2010,0.0
02/02/2010,0.0
03/02/2010,0.0
04/02/2010,0.4
05/02/2010,0.0
06/02/2010,30.7
07/02/2010,0.0
08/02/2010,0.0
09/02/2010,0.0
10/02/2010,0.0
11/02/2010,0.0
12/02/2010,0.0
13/02/2010,0.4
14/02/2010,0.0
15/02/2010,0.0
16/02/2010,0.3
17/02/2010,0.9
18/02/2010,23.4
19/02/2010,8.2
20/02/2010,30.9
21/02/2010,0.6
22/02/2010,7.4
23/02/2010,22.2
24/02/2010,1.8
25/02/2010,0.0
26/02/2010,7.3
27/02/2010,0.0
28/02/2010,0.0
01/03/2010,0.1
02/03/2010,8.0
03/03/2010,0.0
04/03/2010,26.9
05/03/2010,1.2
06/03/2010,0.0
07/03/2010,0.0
08/03/2010,0.0
09/03/2010,0.0
10/03/2010,0.0
11/03/2010,0.0
12/03/2010,1.6
13/03/2010,0.0
14/03/2010,0.0
15/03/2010,0.0
16/03/2010,0.0
17/03/2010,0.0
18/03/2010,0.0
19/03/2010,0.0
20/03/2010,0.0
21/03/2010,0.0
22/03/2010,10.0
23/03/2010,0.6
24/03/2010,0.0
25/03/2010,0.0
26/03/2010,1.0
27/03/2010,1.0
28/03/2010,0.4
29/03/2010,0.0
30/03/2010,0.2
31/03/2010,6.2
01/04/2010,4.8
02/04/2010,21.2
03/04/2010,7.2
04/04/2010,0.0
05/04/2010,25.0
06/04/2010,0.0
07/04/2010,0.0
08/04/2010,0.0
09/04/2010,0.0
10/04/2010,0.0
11/04/2010,13.8
12/04/2010,1.2
13/04/2010,0.0
14/04/2010,0.0
15/04/2010,0.0
16/04/2010,0.0
17/04/2010,2.8
18/04/2010,0.2
19/04/2010,0.0
20/04/2010,0.0
21/04/2010,0.0
22/04/2010,0.0
23/04/2010,7.4
24/04/2010,10.6
25/04/2010,0.0
26/04/2010,0.0
27/04/2010,0.0
28/04/2010,0.2
29/04/2010,0.0
30/04/2010,0.0
01/05/2010,0.0
02/05/2010,7.0
03/05/2010,26.2
04/05/2010,9.4
05/05/2010,18.6
06/05/2010,26.2
07/05/2010,32.4
08/05/2010,0.0
09/05/2010,0.0
10/05/2010,4.4
11/05/2010,9.0
12/05/2010,11.6
13/05/2010,16.8
14/05/2010,21.4
15/05/2010,6.0
16/05/2010,2.0
17/05/2010,6.0
18/05/2010,0.0
19/05/2010,0.0
20/05/2010,4.4
21/05/2010,0.0
22/05/2010,0.0
23/05/2010,0.0
24/05/2010,0.0
25/05/2010,0.0
26/05/2010,0.0
27/05/2010,0.0
28/05/2010,0.0
29/05/2010,0.0
30/05/2010,0.0
31/05/2010,0.2
01/06/2010,0.0
02/06/2010,0.0
03/06/2010,0.4
04/06/2010,0.0
05/06/2010,0.0
06/06/2010,0.0
07/06/2010,0.0
08/06/2010,0.0
09/06/2010,0.0
10/06/2010,0.0
11/06/2010,0.0
12/06/2010,0.0
13/06/2010,0.0
14/06/2010,1.0
15/06/2010,3.0
16/06/2010,47.4
17/06/2010,4.6
18/06/2010,8.4
19/06/2010,140.8
20/06/2010,38.2
21/06/2010,5.2
22/06/2010,0.0
23/06/2010,0.6
24/06/2010,0.0
25/06/2010,0.0
26/06/2010,0.0
27/06/2010,0.0
28/06/2010,0.0
29/06/2010,0.0
30/06/2010,0.0
01/07/2010,0.0
02/07/2010,0.0
03/07/2010,1.2
04/07/2010,0.0
05/07/2010,0.0
06/07/2010,0.0
07/07/2010,0.0
08/07/2010,0.0
09/07/2010,0.0
10/07/2010,0.0
11/07/2010,0.0
12/07/2010,0.0
13/07/2010,0.0
14/07/2010,0.0
15/07/2010,0.0
16/07/2010,0.0
17/07/2010,0.0
18/07/2010,0.0
19/07/2010,0.0
20/07/2010,0.0
21/07/2010,0.0
22/07/2010,0.0
23/07/2010,0.0
24/07/2010,0.0
25/07/2010,0.0
26/07/2010,0.0
27/07/2010,0.0
28/07/2010,0.4
29/07/2010,31.2
30/07/2010,72.2
31/07/2010,0.4
01/08/2010,0.0
02/08/2010,0.0
03/08/2010,0.0
04/08/2010,0.4
05/08/2010,4.0
06/08/2010,14.6
07/08/2010,0.0
08/08/2010,0.0
09/08/2010,0.0
10/08/2010,0.0
11/08/2010,0.0
12/08/2010,0.0
13/08/2010,32.0
14/08/2010,1.2
15/08/2010,26.4
16/08/2010,0.2
17/08/2010,0.0
18/08/2010,0.0
19/08/2010,0.0
20/08/2010,0.4
21/08/2010,0.0
22/08/2010,0.0
23/08/2010,0.0
24/08/2010,0.0
25/08/2010,0.0
26/08/2010,0.0
27/08/2010,0.0
28/08/2010,0.4
29/08/2010,0.0
30/08/2010,0.0
31/08/2010,5.0
01/09/2010,0.0
02/09/2010,0.0
03/09/2010,0.0
04/09/2010,0.0
05/09/2010,0.0
06/09/2010,0.0
07/09/2010,0.0
08/09/2010,4.0
09/09/2010,8.4
10/09/2010,8.0
11/09/2010,0.0
12/09/2010,0.0
13/09/2010,0.0
14/09/2010,16.4
15/09/2010,0.0
16/09/2010,5.2
17/09/2010,43.2
18/09/2010,2.8
19/09/2010,9.6
20/09/2010,0.0
21/09/2010,0.0
22/09/2010,0.0
23/09/2010,0.0
24/09/2010,0.0
25/09/2010,10.0
26/09/2010,0.0
27/09/2010,6.2
28/09/2010,1.8
29/09/2010,2.2
30/09/2010,0.0
01/10/2010,0.0
02/10/2010,10.4
03/10/2010,0.0
04/10/2010,1.2
05/10/2010,21.4
06/10/2010,2.0
07/10/2010,0.0
08/10/2010,0.0
09/10/2010,0.0
10/10/2010,0.0
11/10/2010,0.0
12/10/2010,0.0
13/10/2010,0.0
14/10/2010,1.4
15/10/2010,0.0
16/10/2010,0.0
17/10/2010,38.0
18/10/2010,1.2
19/10/2010,0.0
20/10/2010,0.2
21/10/2010,0.0
22/10/2010,0.0
23/10/2010,0.0
24/10/2010,0.0
25/10/2010,71.2
26/10/2010,21.2
27/10/2010,0.0
28/10/2010,0.0
29/10/2010,0.0
30/10/2010,0.0
31/10/2010,41.0
01/11/2010,58.2
02/11/2010,22.8
03/11/2010,2.4
04/11/2010,0.2
05/11/2010,0.0
06/11/2010,0.0
07/11/2010,0.0
08/11/2010,31.6
09/11/2010,34.2
10/11/2010,19.8
11/11/2010,18.4
12/11/2010,4.4
13/11/2010,15.4
14/11/2010,0.0
15/11/2010,0.0
16/11/2010,40.4
17/11/2010,0.2
18/11/2010,0.6
19/11/2010,12.4
20/11/2010,6.2
21/11/2010,5.4
22/11/2010,37.4
23/11/2010,3.2
24/11/2010,0.0
25/11/2010,6.2
26/11/2010,19.6
27/11/2010,1.2
28/11/2010,0.2
29/11/2010,12.8
30/11/2010,0.0
01/12/2010,24.0
02/12/2010,16.0
03/12/2010,11.4
04/12/2010,5.0
05/12/2010,0.0
06/12/2010,8.4
07/12/2010,23.4
08/12/2010,4.4
09/12/2010,12.2
10/12/2010,0.0
11/12/2010,0.0
12/12/2010,0.0
13/12/2010,0.0
14/12/2010,0.0
15/12/2010,0.0
16/12/2010,0.0
17/12/2010,0.0
18/12/2010,0.0
19/12/2010,5.0
20/12/2010,8.8
21/12/2010,0.0
22/12/2010,70.0
23/12/2010,31.4
24/12/2010,23.0
25/12/2010,9.2
26/12/2010,0.6
27/12/2010,0.0
28/12/2010,0.0
29/12/2010,0.0
30/12/2010,0.6
31/12/2010,0.2
01/01/2011,0.0
02/01/2011,0.0
03/01/2011,0.0
04/01/2011,0.0
05/01/2011,0.0
06/01/2011,0.8
07/01/2011,41.6
08/01/2011,1.0
09/01/2011,0.0
10/01/2011,0.6
11/01/2011,18.4
12/01/2011,13.0
13/01/2011,0.0
14/01/2011,0.0
15/01/2011,0.0
16/01/2011,0.0
17/01/2011,0.0
18/01/2011,0.0
19/01/2011,0.0
20/01/2011,4.4
21/01/2011,0.0
22/01/2011,0.0
23/01/2011,0.0
24/01/2011,0.0
25/01/2011,0.0
26/01/2011,2.8
27/01/2011,0.0
28/01/2011,0.0
29/01/2011,0.0
30/01/2011,12.8
31/01/2011,2.8
01/02/2011,0.0
02/02/2011,0.0
03/02/2011,0.0
04/02/2011,0.0
05/02/2011,0.0
06/02/2011,0.0
07/02/2011,0.0
08/02/2011,0.0
09/02/2011,0.0
10/02/2011,0.0
11/02/2011,0.0
12/02/2011,0.0
13/02/2011,4.6
14/02/2011,21.4
15/02/2011,0.0
16/02/2011,18.0
17/02/2011,26.6
18/02/2011,10.2
19/02/2011,0.0
20/02/2011,0.0
21/02/2011,6.8
22/02/2011,0.0
23/02/2011,0.0
24/02/2011,0.0
25/02/2011,0.0
26/02/2011,0.0
27/02/2011,0.2
28/02/2011,4.4
01/03/2011,0.0
02/03/2011,0.0
03/03/2011,1.0
04/03/2011,1.8
05/03/2011,0.0
06/03/2011,0.4
07/03/2011,0.0
08/03/2011,0.0
09/03/2011,0.0
10/03/2011,0.0
11/03/2011,0.0
12/03/2011,0.0
13/03/2011,5.0
14/03/2011,25.8
15/03/2011,18.6
16/03/2011,20.6
17/03/2011,9.8
18/03/2011,10.8
19/03/2011,0.0
20/03/2011,0.0
21/03/2011,0.0
22/03/2011,0.0
23/03/2011,0.0
24/03/2011,0.0
25/03/2011,0.0
26/03/2011,0.0
27/03/2011,0.0
28/03/2011,20.4
29/03/2011,9.6
30/03/2011,0.0
31/03/2011,0.0
01/04/2011,0.0
02/04/2011,0.0
03/04/2011,0.0
04/04/2011,0.0
05/04/2011,0.0
06/04/2011,0.0
07/04/2011,0.0
08/04/2011,0.0
09/04/2011,0.0
10/04/2011,0.0
11/04/2011,0.0
12/04/2011,0.0
13/04/2011,0.0
14/04/2011,0.0
15/04/2011,6.8
16/04/2011,0.2
17/04/2011,0.0
18/04/2011,0.0
19/04/2011,0.0
20/04/2011,0.0
21/04/2011,0.0
22/04/2011,0.0
23/04/2011,4.6
24/04/2011,0.0
25/04/2011,0.0
26/04/2011,0.0
27/04/2011,0.0
28/04/2011,0.0
29/04/2011,0.6
30/04/2011,4.0
01/05/2011,0.0
02/05/2011,0.0
03/05/2011,1.4
04/05/2011,0.0
05/05/2011,2.8
06/05/2011,0.0
07/05/2011,0.0
08/05/2011,0.0
09/05/2011,0.0
10/05/2011,0.0
11/05/2011,0.0
12/05/2011,0.0
13/05/2011,0.0
14/05/2011,0.0
15/05/2011,1.4
16/05/2011,3.2
17/05/2011,0.0
18/05/2011,0.0
19/05/2011,0.0
20/05/2011,0.0
21/05/2011,0.0
22/05/2011,0.0
23/05/2011,0.0
24/05/2011,0.0
25/05/2011,0.0
26/05/2011,0.0
27/05/2011,0.0
28/05/2011,0.2
29/05/2011,0.0
30/05/2011,0.0
31/05/2011,0.0
01/06/2011,6.8
02/06/2011,0.0
03/06/2011,0.8
04/06/2011,0.0
05/06/2011,0.0
06/06/2011,48.4
07/06/2011,10.2
08/06/2011,19.8
09/06/2011,27.2
10/06/2011,0.6
11/06/2011,0.0
12/06/2011,0.0
13/06/2011,0.0
14/06/2011,0.0
15/06/2011,0.0
16/06/2011,0.0
17/06/2011,0.0
18/06/2011,0.0
19/06/2011,0.0
20/06/2011,0.0
21/06/2011,0.0
22/06/2011,0.0
23/06/2011,0.0
24/06/2011,0.0
25/06/2011,0.0
26/06/2011,0.0
27/06/2011,0.0
28/06/2011,0.0
29/06/2011,0.0
30/06/2011,0.0
01/07/2011,0.0
02/07/2011,0.0
03/07/2011,1.2
04/07/2011,0.0
05/07/2011,2.4
06/07/2011,0.0
07/07/2011,0.0
08/07/2011,0.0
09/07/2011,0.0
10/07/2011,0.0
11/07/2011,0.0
12/07/2011,0.0
13/07/2011,0.0
14/07/2011,0.0
15/07/2011,0.0
16/07/2011,0.0
17/07/2011,0.0
18/07/2011,0.0
19/07/2011,0.0
20/07/2011,27.2
21/07/2011,0.0
22/07/2011,0.0
23/07/2011,0.0
24/07/2011,1.8
25/07/2011,0.0
26/07/2011,0.0
27/07/2011,0.0
28/07/2011,1.6
29/07/2011,0.0
30/07/2011,3.0
31/07/2011,0.0
01/08/2011,0.0
02/08/2011,0.0
03/08/2011,0.0
04/08/2011,0.0
05/08/2011,0.0
06/08/2011,0.0
07/08/2011,0.0
08/08/2011,19.2
09/08/2011,0.0
10/08/2011,0.0
11/08/2011,0.0
12/08/2011,0.0
13/08/2011,0.0
14/08/2011,0.0
15/08/2011,0.0
16/08/2011,0.0
17/08/2011,0.0
18/08/2011,0.0
19/08/2011,0.0
20/08/2011,0.0
21/08/2011,0.0
22/08/2011,0.0
23/08/2011,0.0
24/08/2011,0.0
25/08/2011,0.0
26/08/2011,0.0
27/08/2011,0.0
28/08/2011,0.0
29/08/2011,0.0
30/08/2011,0.0
31/08/2011,0.0
01/09/2011,0.0
02/09/2011,0.0
03/09/2011,0.0
04/09/2011,0.2
05/09/2011,81.0
06/09/2011,7.4
07/09/2011,0.0
08/09/2011,0.0
09/09/2011,0.0
10/09/2011,0.0
11/09/2011,0.0
12/09/2011,0.0
13/09/2011,0.0
14/09/2011,0.0
15/09/2011,0.0
16/09/2011,0.0
17/09/2011,0.0
18/09/2011,0.0
19/09/2011,34.4
20/09/2011,3.0
21/09/2011,0.0
22/09/2011,0.0
23/09/2011,0.0
24/09/2011,0.0
25/09/2011,0.0
26/09/2011,14.0
27/09/2011,0.0
28/09/2011,0.0
29/09/2011,0.0
30/09/2011,0.0
01/10/2011,0.0
02/10/2011,0.0
03/10/2011,0.0
04/10/2011,0.0
05/10/2011,0.0
06/10/2011,0.0
07/10/2011,1.8
08/10/2011,1.0
09/10/2011,0.0
10/10/2011,0.0
11/10/2011,0.0
12/10/2011,0.0
13/10/2011,0.0
14/10/2011,0.0
15/10/2011,0.0
16/10/2011,0.0
17/10/2011,0.0
18/10/2011,0.0
19/10/2011,4.8
20/10/2011,14.4
21/10/2011,0.2
22/10/2011,0.0
23/10/2011,0.0
24/10/2011,0.0
25/10/2011,16.0
26/10/2011,32.8
27/10/2011,0.0
28/10/2011,0.0
29/10/2011,0.0
30/10/2011,0.0
31/10/2011,0.0
01/11/2011,0.0
02/11/2011,0.0
03/11/2011,0.0
04/11/2011,2.8
05/11/2011,18.0
06/11/2011,9.6
07/11/2011,5.6
08/11/2011,18.0
09/11/2011,1.2
10/11/2011,0.0
11/11/2011,0.0
12/11/2011,0.0
13/11/2011,0.0
14/11/2011,0.0
15/11/2011,0.0
16/11/2011,0.0
17/11/2011,0.0
18/11/2011,0.0
19/11/2011,0.0
20/11/2011,0.0
21/11/2011,0.0
22/11/2011,0.0
23/11/2011,0.0
24/11/2011,0.0
25/11/2011,0.0
26/11/2011,0.0
27/11/2011,0.0
28/11/2011,0.0
29/11/2011,0.0
30/11/2011,0.0
01/12/2011,0.0
02/12/2011,4.4
03/12/2011,12.6
04/12/2011,6.0
05/12/2011,32.0
06/12/2011,19.0
07/12/2011,0.0
08/12/2011,0.0
09/12/2011,0.0
10/12/2011,0.2
11/12/2011,2.4
12/12/2011,20.4
13/12/2011,27.4
14/12/2011,4.2
15/12/2011,11.8
16/12/2011,0.4
17/12/2011,46.2
18/12/2011,0.0
19/12/2011,0.0
20/12/2011,0.0
21/12/2011,0.2
22/12/2011,0.0
23/12/2011,0.0
24/12/2011,0.0
25/12/2011,8.2
26/12/2011,0.0
27/12/2011,0.0
28/12/2011,0.0
29/12/2011,0.0
30/12/2011,0.2
31/12/2011,0.0
01/01/2012,0.0
02/01/2012,0.0
03/01/2012,21.2
04/01/2012,0.0
05/01/2012,5.0
06/01/2012,1.8
07/01/2012,0.0
08/01/2012,0.0
09/01/2012,0.0
10/01/2012,0.0
11/01/2012,0.0
12/01/2012,0.0
13/01/2012,0.0
14/01/2012,0.0
15/01/2012,0.0
16/01/2012,0.0
17/01/2012,0.0
18/01/2012,0.0
19/01/2012,0.0
20/01/2012,3.4
21/01/2012,0.4
22/01/2012,0.0
23/01/2012,0.0
24/01/2012,0.0
25/01/2012,0.0
26/01/2012,0.0
27/01/2012,0.0
28/01/2012,0.0
29/01/2012,0.0
30/01/2012,0.0
31/01/2012,0.0
01/02/2012,4.6
02/02/2012,6.4
03/02/2012,0.0
04/02/2012,0.0
05/02/2012,0.0
06/02/2012,0.0
07/02/2012,0.0
08/02/2012,0.0
09/02/2012,0.0
10/02/2012,0.0
11/02/2012,0.0
12/02/2012,0.0
13/02/2012,0.0
14/02/2012,0.0
15/02/2012,0.0
16/02/2012,0.0
17/02/2012,0.0
18/02/2012,0.0
19/02/2012,2.2
20/02/2012,6.6
21/02/2012,5.6
22/02/2012,0.0
23/02/2012,0.0
24/02/2012,0.0
25/02/2012,0.0
26/02/2012,0.0
27/02/2012,0.0
28/02/2012,0.0
29/02/2012,0.0
01/03/2012,0.0
02/03/2012,0.0
03/03/2012,0.0
04/03/2012,0.0
05/03/2012,0.0
06/03/2012,40.4
07/03/2012,0.0
08/03/2012,0.0
09/03/2012,0.0
10/03/2012,0.0
11/03/2012,0.0
12/03/2012,0.0
13/03/2012,0.0
14/03/2012,0.0
15/03/2012,0.0
16/03/2012,0.0
17/03/2012,0.0
18/03/2012,0.0
19/03/2012,1.0
20/03/2012,3.4
21/03/2012,0.0
22/03/2012,0.0
23/03/2012,0.0
24/03/2012,0.0
25/03/2012,0.0
26/03/2012,1.2
27/03/2012,0.0
28/03/2012,0.0
29/03/2012,0.0
30/03/2012,0.0
31/03/2012,0.0
01/04/2012,0.0
02/04/2012,0.0
03/04/2012,5.0
04/04/2012,2.6
05/04/2012,4.6
06/04/2012,0.0
07/04/2012,13.0
08/04/2012,37.2
09/04/2012,4.4
10/04/2012,0.0
11/04/2012,17.2
12/04/2012,18.0
13/04/2012,1.2
14/04/2012,0.4
15/04/2012,14.4
16/04/2012,0.0
17/04/2012,2.0
18/04/2012,5.6
19/04/2012,8.0
20/04/2012,11.6
21/04/2012,22.8
22/04/2012,24.6
23/04/2012,0.2
24/04/2012,12.2
25/04/2012,14.2
26/04/2012,0.2
27/04/2012,0.0
28/04/2012,0.0
29/04/2012,0.0
30/04/2012,0.8
01/05/2012,5.2
02/05/2012,19.8
03/05/2012,0.0
04/05/2012,0.0
05/05/2012,0.0
06/05/2012,23.6
07/05/2012,17.8
08/05/2012,0.0
09/05/2012,0.0
10/05/2012,0.0
11/05/2012,0.0
12/05/2012,0.0
13/05/2012,0.0
14/05/2012,4.0
15/05/2012,0.0
16/05/2012,0.0
17/05/2012,0.0
18/05/2012,0.0
19/05/2012,0.0
20/05/2012,3.8
21/05/2012,43.6
22/05/2012,1.2
23/05/2012,0.4
24/05/2012,0.0
25/05/2012,0.0
26/05/2012,6.6
27/05/2012,0.0
28/05/2012,0.0
29/05/2012,0.0
30/05/2012,0.0
31/05/2012,0.0
01/06/2012,0.0
02/06/2012,0.0
03/06/2012,0.0
04/06/2012,4.6
05/06/2012,11.4
06/06/2012,0.0
07/06/2012,0.0
08/06/2012,0.0
09/06/2012,0.0
10/06/2012,0.0
11/06/2012,9.0
12/06/2012,3.6
13/06/2012,3.0
14/06/2012,0.2
15/06/2012,0.0
16/06/2012,0.0
17/06/2012,0.0
18/06/2012,0.0
19/06/2012,0.0
20/06/2012,0.0
21/06/2012,0.0
22/06/2012,0.0
23/06/2012,0.0
24/06/2012,0.0
25/06/2012,0.0
26/06/2012,0.0
27/06/2012,0.0
28/06/2012,0.0
29/06/2012,0.0
30/06/2012,0.0
01/07/2012,0.0
02/07/2012,0.0
03/07/2012,0.0
04/07/2012,0.0
05/07/2012,0.0
06/07/2012,0.0
07/07/2012,0.0
08/07/2012,0.0
09/07/2012,0.0
10/07/2012,0.0
11/07/2012,0.0
12/07/2012,0.0
13/07/2012,0.0
14/07/2012,0.0
15/07/2012,0.0
16/07/2012,0.0
17/07/2012,0.0
18/07/2012,0.0
19/07/2012,0.0
20/07/2012,0.0
21/07/2012,0.0
22/07/2012,0.0
23/07/2012,0.0
24/07/2012,0.0
25/07/2012,0.0
26/07/2012,0.8
27/07/2012,0.0
28/07/2012,0.0
29/07/2012,0.0
30/07/2012,0.0
31/07/2012,0.0
01/08/2012,0.4
02/08/2012,0.0
03/08/2012,0.0
04/08/2012,0.0
05/08/2012,0.0
06/08/2012,0.0
07/08/2012,0.0
08/08/2012,0.0
09/08/2012,0.0
10/08/2012,0.0
11/08/2012,9.4
12/08/2012,0.0
13/08/2012,0.0
14/08/2012,0.0
15/08/2012,0.0
16/08/2012,0.0
17/08/2012,0.0
18/08/2012,0.0
19/08/2012,0.0
20/08/2012,0.0
21/08/2012,0.0
22/08/2012,0.0
23/08/2012,0.0
24/08/2012,0.0
25/08/2012,0.0
26/08/2012,59.2
27/08/2012,0.0
28/08/2012,0.0
29/08/2012,0.0
30/08/2012,0.0
31/08/2012,0.0
01/09/2012,0.0
02/09/2012,0.2
03/09/2012,21.8
04/09/2012,4.8
05/09/2012,0.0
06/09/2012,0.0
07/09/2012,0.0
08/09/2012,0.0
09/09/2012,0.0
10/09/2012,0.0
11/09/2012,0.0
12/09/2012,0.0
13/09/2012,2.0
14/09/2012,0.0
15/09/2012,0.0
16/09/2012,0.0
17/09/2012,0.0
18/09/2012,0.0
19/09/2012,0.0
20/09/2012,7.2
21/09/2012,0.0
22/09/2012,0.0
23/09/2012,0.0
24/09/2012,0.0
25/09/2012,0.0
26/09/2012,0.0
27/09/2012,16.4
28/09/2012,3.6
29/09/2012,0.2
30/09/2012,1.0
01/10/2012,22.8
02/10/2012,4.4
03/10/2012,0.0
04/10/2012,0.2
05/10/2012,0.0
06/10/2012,0.0
07/10/2012,0.0
08/10/2012,0.0
09/10/2012,3.6
10/10/2012,0.2
11/10/2012,0.0
12/10/2012,42.0
13/10/2012,1.0
14/10/2012,1.2
15/10/2012,10.8
16/10/2012,43.0
17/10/2012,0.8
18/10/2012,0.0
19/10/2012,0.0
20/10/2012,0.0
21/10/2012,0.0
22/10/2012,0.0
23/10/2012,0.0
24/10/2012,0.0
25/10/2012,0.0
26/10/2012,1.8
27/10/2012,59.2
28/10/2012,24.8
29/10/2012,16.6
30/10/2012,0.0
31/10/2012,1.6
01/11/2012,34.6
02/11/2012,1.0
03/11/2012,0.0
04/11/2012,26.4
05/11/2012,29.4
06/11/2012,1.8
07/11/2012,11.6
08/11/2012,0.0
09/11/2012,0.0
10/11/2012,0.2
11/11/2012,98.4
12/11/2012,23.6
13/11/2012,1.0
14/11/2012,0.6
15/11/2012,0.0
16/11/2012,0.0
17/11/2012,0.0
18/11/2012,0.0
19/11/2012,0.0
20/11/2012,0.2
21/11/2012,0.0
22/11/2012,0.0
23/11/2012,3.4
24/11/2012,0.0
25/11/2012,1.2
26/11/2012,0.0
27/11/2012,0.4
28/11/2012,34.6
29/11/2012,14.4
30/11/2012,0.4
01/12/2012,14.4
02/12/2012,14.2
03/12/2012,0.0
04/12/2012,5.2
05/12/2012,30.6
06/12/2012,0.2
07/12/2012,0.0
08/12/2012,19.0
09/12/2012,5.0
10/12/2012,0.8
11/12/2012,0.2
12/12/2012,0.0
13/12/2012,0.0
14/12/2012,20.6
15/12/2012,70.6
16/12/2012,38.6
17/12/2012,7.0
18/12/2012,4.2
19/12/2012,0.0
20/12/2012,0.0
21/12/2012,2.2
22/12/2012,0.2
23/12/2012,0.0
24/12/2012,0.0
25/12/2012,0.0
26/12/2012,1.4
27/12/2012,7.0
28/12/2012,5.0
29/12/2012,0.0
30/12/2012,0.0
31/12/2012,0.0
01/01/2013,0.0
02/01/2013,19.2
03/01/2013,11.8
04/01/2013,0.0
05/01/2013,0.0
06/01/2013,0.0
07/01/2013,0.0
08/01/2013,0.0
09/01/2013,0.0
10/01/2013,0.2
11/01/2013,1.0
12/01/2013,6.6
13/01/2013,2.8
14/01/2013,37.8
15/01/2013,32.4
16/01/2013,22.6
17/01/2013,1.4
18/01/2013,0.0
19/01/2013,0.0
20/01/2013,44.0
21/01/2013,29.2
22/01/2013,12.2
23/01/2013,0.4
24/01/2013,4.0
25/01/2013,0.0
26/01/2013,0.0
27/01/2013,0.0
28/01/2013,5.4
29/01/2013,2.2
30/01/2013,0.0
31/01/2013,0.2
01/02/2013,0.0
02/02/2013,5.0
03/02/2013,35.4
04/02/2013,0.0
05/02/2013,0.0
06/02/2013,0.4
07/02/2013,0.0
08/02/2013,0.0
09/02/2013,0.0
10/02/2013,0.0
11/02/2013,0.0
12/02/2013,51.8
13/02/2013,2.4
14/02/2013,0.0
15/02/2013,0.0
16/02/2013,0.0
17/02/2013,0.0
18/02/2013,0.0
19/02/2013,0.0
20/02/2013,2.6
21/02/2013,6.8
22/02/2013,4.8
23/02/2013,1.4
24/02/2013,17.2
25/02/2013,7.8
26/02/2013,3.8
27/02/2013,0.0
28/02/2013,0.0
01/03/2013,0.0
02/03/2013,0.0
03/03/2013,0.0
04/03/2013,0.0
05/03/2013,0.0
06/03/2013,21.6
07/03/2013,18.2
08/03/2013,11.0
09/03/2013,26.2
10/03/2013,21.2
11/03/2013,24.8
12/03/2013,22.2
13/03/2013,29.8
14/03/2013,1.4
15/03/2013,0.0
16/03/2013,0.0
17/03/2013,0.0
18/03/2013,69.0
19/03/2013,20.8
20/03/2013,0.0
21/03/2013,10.4
22/03/2013,0.0
23/03/2013,0.0
24/03/2013,10.2
25/03/2013,1.4
26/03/2013,6.8
27/03/2013,4.6
28/03/2013,1.4
29/03/2013,32.6
30/03/2013,7.6
31/03/2013,21.6
01/04/2013,9.8
02/04/2013,15.4
03/04/2013,0.2
04/04/2013,0.0
05/04/2013,13.4
06/04/2013,3.8
07/04/2013,0.0
08/04/2013,1.8
09/04/2013,28.8
10/04/2013,0.6
11/04/2013,0.0
12/04/2013,2.2
13/04/2013,0.8
14/04/2013,0.2
15/04/2013,0.0
16/04/2013,0.0
17/04/2013,0.0
18/04/2013,0.0
19/04/2013,0.0
20/04/2013,2.8
21/04/2013,0.6
22/04/2013,0.0
23/04/2013,1.8
24/04/2013,2.2
25/04/2013,0.0
26/04/2013,0.0
27/04/2013,4.6
28/04/2013,36.2
29/04/2013,3.2
30/04/2013,1.6
01/05/2013,0.0
02/05/2013,0.8
03/05/2013,0.0
04/05/2013,0.0
05/05/2013,3.0
06/05/2013,5.2
07/05/2013,9.6
08/05/2013,0.0
09/05/2013,0.0
10/05/2013,1.2
11/05/2013,2.8
12/05/2013,0.0
13/05/2013,0.0
14/05/2013,0.0
15/05/2013,0.0
16/05/2013,30.8
17/05/2013,20.0
18/05/2013,0.6
19/05/2013,9.2
20/05/2013,2.6
21/05/2013,0.0
22/05/2013,0.0
23/05/2013,0.0
24/05/2013,4.6
25/05/2013,7.6
26/05/2013,12.8
27/05/2013,0.0
28/05/2013,0.0
29/05/2013,10.8
30/05/2013,6.8
31/05/2013,3.4
01/06/2013,0.2
02/06/2013,0.0
03/06/2013,0.0
04/06/2013,1.4
05/06/2013,0.0
06/06/2013,7.2
07/06/2013,0.0
08/06/2013,0.0
09/06/2013,0.0
10/06/2013,12.4
11/06/2013,0.2
12/06/2013,0.0
13/06/2013,0.4
14/06/2013,0.0
15/06/2013,0.0
16/06/2013,0.0
17/06/2013,0.0
18/06/2013,0.0
19/06/2013,0.0
20/06/2013,0.0
21/06/2013,0.0
22/06/2013,0.0
23/06/2013,0.0
24/06/2013,0.0
25/06/2013,8.4
26/06/2013,0.0
27/06/2013,1.8
28/06/2013,0.0
29/06/2013,0.0
30/06/2013,0.0
01/07/2013,0.0
02/07/2013,0.0
03/07/2013,0.0
04/07/2013,0.0
05/07/2013,5.2
06/07/2013,0.0
07/07/2013,0.0
08/07/2013,0.0
09/07/2013,0.0
10/07/2013,0.0
11/07/2013,3.6
12/07/2013,0.0
13/07/2013,0.0
14/07/2013,0.0
15/07/2013,0.0
16/07/2013,0.0
17/07/2013,0.0
18/07/2013,0.0
19/07/2013,0.0
20/07/2013,5.4
21/07/2013,0.8
22/07/2013,1.2
23/07/2013,0.0
24/07/2013,0.0
25/07/2013,0.0
26/07/2013,0.0
27/07/2013,0.0
28/07/2013,0.0
29/07/2013,0.0
30/07/2013,4.2
31/07/2013,0.0
01/08/2013,0.0
02/08/2013,0.0
03/08/2013,0.0
04/08/2013,0.0
05/08/2013,0.0
06/08/2013,0.0
07/08/2013,0.0
08/08/2013,0.0
09/08/2013,1.6
10/08/2013,0.0
11/08/2013,0.0
12/08/2013,0.0
13/08/2013,0.0
14/08/2013,0.0
15/08/2013,0.0
16/08/2013,0.0
17/08/2013,0.0
18/08/2013,0.0
19/08/2013,0.0
20/08/2013,2.8
21/08/2013,0.0
22/08/2013,0.0
23/08/2013,0.0
24/08/2013,0.0
25/08/2013,39.0
26/08/2013,0.0
27/08/2013,0.0
28/08/2013,0.0
29/08/2013,0.0
30/08/2013,0.0
31/08/2013,0.0
01/09/2013,0.0
02/09/2013,0.0
03/09/2013,0.0
04/09/2013,0.0
05/09/2013,0.0
06/09/2013,0.0
07/09/2013,0.0
08/09/2013,0.0
09/09/2013,25.6
10/09/2013,1.6
11/09/2013,17.2
12/09/2013,23.6
13/09/2013,0.0
14/09/2013,0.0
15/09/2013,0.6
16/09/2013,30.2
17/09/2013,6.8
18/09/2013,0.0
19/09/2013,4.0
20/09/2013,0.0
21/09/2013,0.0
22/09/2013,0.0
23/09/2013,0.0
24/09/2013,0.0
25/09/2013,0.0
26/09/2013,0.0
27/09/2013,0.2
28/09/2013,0.0
29/09/2013,20.0
30/09/2013,23.0
01/10/2013,7.2
02/10/2013,0.0
03/10/2013,0.0
04/10/2013,0.0
05/10/2013,11.8
06/10/2013,6.6
07/10/2013,0.4
08/10/2013,0.4
09/10/2013,1.4
10/10/2013,27.0
11/10/2013,2.8
12/10/2013,2.6
13/10/2013,0.0
14/10/2013,0.2
15/10/2013,10.0
16/10/2013,2.4
17/10/2013,0.0
18/10/2013,0.0
19/10/2013,0.0
20/10/2013,0.0
21/10/2013,84.4
22/10/2013,39.0
23/10/2013,0.0
24/10/2013,23.6
25/10/2013,0.6
26/10/2013,0.2
27/10/2013,0.0
28/10/2013,0.0
29/10/2013,0.0
30/10/2013,0.0
31/10/2013,0.0
01/11/2013,0.0
02/11/2013,1.0
03/11/2013,4.8
04/11/2013,0.6
05/11/2013,15.4
06/11/2013,0.0
07/11/2013,0.0
08/11/2013,0.0
09/11/2013,3.8
10/11/2013,2.6
11/11/2013,16.8
12/11/2013,0.0
13/11/2013,0.0
14/11/2013,0.0
15/11/2013,3.8
16/11/2013,0.0
17/11/2013,0.0
18/11/2013,0.2
19/11/2013,4.2
20/11/2013,0.8
21/11/2013,10.2
22/11/2013,46.4
23/11/2013,3.6
24/11/2013,0.4
25/11/2013,0.0
26/11/2013,0.0
27/11/2013,0.0
28/11/2013,0.0
29/11/2013,0.0
30/11/2013,1.0
01/12/2013,0.2
02/12/2013,0.0
03/12/2013,0.0
04/12/2013,0.0
05/12/2013,0.0
06/12/2013,0.0
07/12/2013,0.0
08/12/2013,0.0
09/12/2013,0.0
10/12/2013,0.0
11/12/2013,0.0
12/12/2013,0.0
13/12/2013,0.0
14/12/2013,0.0
15/12/2013,0.0
16/12/2013,0.0
17/12/2013,0.0
18/12/2013,0.0
19/12/2013,0.0
20/12/2013,0.0
21/12/2013,1.2
22/12/2013,0.6
23/12/2013,11.2
24/12/2013,2.0
25/12/2013,1.0
26/12/2013,16.6
27/12/2013,8.6
28/12/2013,0.0
29/12/2013,10.0
30/12/2013,0.0
31/12/2013,0.0
01/01/2014,0.0
02/01/2014,0.8
03/01/2014,40.6
04/01/2014,10.2
05/01/2014,39.8
06/01/2014,8.6
07/01/2014,0.0
08/01/2014,0.0
09/01/2014,0.0
10/01/2014,0.0
11/01/2014,1.8
12/01/2014,0.0
13/01/2014,0.0
14/01/2014,39.6
15/01/2014,6.0
16/01/2014,0.2
17/01/2014,12.2
18/01/2014,73.2
19/01/2014,43.6
20/01/2014,10.4
21/01/2014,0.2
22/01/2014,1.6
23/01/2014,0.0
24/01/2014,8.4
25/01/2014,0.0
26/01/2014,0.0
27/01/2014,4.4
28/01/2014,6.0
29/01/2014,0.0
30/01/2014,15.2
31/01/2014,58.8
01/02/2014,2.2
02/02/2014,4.0
03/02/2014,1.6
04/02/2014,8.8
05/02/2014,7.4
06/02/2014,15.2
07/02/2014,0.0
08/02/2014,7.0
09/02/2014,8.8
10/02/2014,7.8
11/02/2014,73.4
12/02/2014,0.0
13/02/2014,0.2
14/02/2014,10.4
15/02/2014,0.2
16/02/2014,0.0
17/02/2014,8.0
18/02/2014,0.0
19/02/2014,0.0
20/02/2014,16.2
21/02/2014,0.4
22/02/2014,30.6
23/02/2014,0.0
24/02/2014,0.0
25/02/2014,0.0
26/02/2014,0.0
27/02/2014,14.2
28/02/2014,8.0
01/03/2014,31.4
02/03/2014,7.0
03/03/2014,0.0
04/03/2014,2.4
05/03/2014,1.6
06/03/2014,0.0
07/03/2014,0.0
08/03/2014,0.0
09/03/2014,0.0
10/03/2014,0.0
11/03/2014,0.0
12/03/2014,0.0
13/03/2014,0.0
14/03/2014,0.0
15/03/2014,0.0
16/03/2014,0.0
17/03/2014,0.0
18/03/2014,0.0
19/03/2014,0.0
20/03/2014,0.0
21/03/2014,0.0
22/03/2014,3.8
23/03/2014,35.6
24/03/2014,9.0
25/03/2014,0.4
26/03/2014,0.0
27/03/2014,0.0
28/03/2014,0.0
29/03/2014,0.0
30/03/2014,0.0
31/03/2014,0.0
01/04/2014,0.0
02/04/2014,0.0
03/04/2014,0.0
04/04/2014,0.6
05/04/2014,9.2
06/04/2014,0.0
07/04/2014,0.0
08/04/2014,0.0
09/04/2014,1.6
10/04/2014,0.0
11/04/2014,0.0
12/04/2014,0.0
13/04/2014,0.0
14/04/2014,1.2
15/04/2014,0.0
16/04/2014,0.0
17/04/2014,0.0
18/04/2014,0.0
19/04/2014,4.6
20/04/2014,8.8
21/04/2014,0.8
22/04/2014,0.2
23/04/2014,0.0
24/04/2014,0.0
25/04/2014,0.0
26/04/2014,0.0
27/04/2014,0.0
28/04/2014,3.0
29/04/2014,4.6
30/04/2014,0.2
01/05/2014,2.2
02/05/2014,0.8
03/05/2014,8.8
04/05/2014,2.0
05/05/2014,0.0
06/05/2014,0.0
07/05/2014,0.0
08/05/2014,1.2
09/05/2014,0.0
10/05/2014,0.0
11/05/2014,0.0
12/05/2014,0.0
13/05/2014,2.0
14/05/2014,0.0
15/05/2014,0.0
16/05/2014,0.0
17/05/2014,0.0
18/05/2014,0.0
19/05/2014,0.0
20/05/2014,0.0
21/05/2014,0.0
22/05/2014,0.2
23/05/2014,0.6
24/05/2014,0.0
25/05/2014,0.0
26/05/2014,0.8
27/05/2014,2.8
28/05/2014,11.4
29/05/2014,0.0
30/05/2014,0.0
31/05/2014,2.4
01/06/2014,0.0
02/06/2014,0.0
03/06/2014,0.0
04/06/2014,0.0
05/06/2014,0.0
06/06/2014,0.0
07/06/2014,0.0
08/06/2014,0.0
09/06/2014,0.0
10/06/2014,0.0
11/06/2014,0.0
12/06/2014,0.0
13/06/2014,3.2
14/06/2014,0.0
15/06/2014,3.2
16/06/2014,0.0
17/06/2014,0.0
18/06/2014,0.0
19/06/2014,0.4
20/06/2014,0.0
21/06/2014,0.0
22/06/2014,0.0
23/06/2014,0.0
24/06/2014,0.0
25/06/2014,0.2
26/06/2014,0.0
27/06/2014,0.0
28/06/2014,0.0
29/06/2014,0.0
30/06/2014,0.4
01/07/2014,0.0
02/07/2014,0.0
03/07/2014,0.0
04/07/2014,0.0
05/07/2014,0.2
06/07/2014,0.2
07/07/2014,0.0
08/07/2014,10.2
09/07/2014,0.6
10/07/2014,4.6
11/07/2014,0.8
12/07/2014,0.4
13/07/2014,8.4
14/07/2014,6.8
15/07/2014,0.0
16/07/2014,0.0
17/07/2014,0.0
18/07/2014,0.0
19/07/2014,0.0
20/07/2014,0.0
21/07/2014,2.0
22/07/2014,2.8
23/07/2014,0.2
24/07/2014,0.4
25/07/2014,0.2
26/07/2014,0.4
27/07/2014,6.6
28/07/2014,0.0
29/07/2014,1.4
30/07/2014,2.2
31/07/2014,0.6
01/08/2014,0.2
02/08/2014,0.0
03/08/2014,0.2
04/08/2014,0.8
05/08/2014,0.0
06/08/2014,1.4
07/08/2014,0.0
08/08/2014,0.0
09/08/2014,0.0
10/08/2014,0.0
11/08/2014,0.0
12/08/2014,0.2
13/08/2014,0.0
14/08/2014,1.8
15/08/2014,0.4
16/08/2014,0.2
17/08/2014,1.8
18/08/2014,0.0
19/08/2014,0.0
20/08/2014,2.4
21/08/2014,0.0
22/08/2014,0.0
23/08/2014,0.4
24/08/2014,0.8
25/08/2014,0.0
26/08/2014,0.4
27/08/2014,0.6
28/08/2014,0.0
29/08/2014,0.0
30/08/2014,0.0
31/08/2014,0.0
01/09/2014,15.2
02/09/2014,0.0
03/09/2014,0.0
04/09/2014,0.0
05/09/2014,0.0
06/09/2014,0.0
07/09/2014,1.6
08/09/2014,0.2
09/09/2014,0.0
10/09/2014,6.4
11/09/2014,0.0
12/09/2014,1.4
13/09/2014,0.0
14/09/2014,0.0
15/09/2014,0.0
16/09/2014,0.0
17/09/2014,0.0
18/09/2014,0.0
19/09/2014,1.8
20/09/2014,47.6
21/09/2014,0.0
22/09/2014,16.2
23/09/2014,0.0
24/09/2014,0.0
25/09/2014,0.2
26/09/2014,0.0
27/09/2014,0.0
28/09/2014,0.0
29/09/2014,0.0
30/09/2014,0.0
01/10/2014,8.6
02/10/2014,0.8
03/10/2014,0.0
04/10/2014,0.0
05/10/2014,0.0
06/10/2014,0.0
07/10/2014,0.0
08/10/2014,0.0
09/10/2014,2.4
10/10/2014,1.0
11/10/2014,0.0
12/10/2014,18.2
13/10/2014,0.0
14/10/2014,10.4
15/10/2014,10.6
16/10/2014,0.2
17/10/2014,34.6
18/10/2014,17.2
19/10/2014,0.0
20/10/2014,0.0
21/10/2014,1.6
22/10/2014,4.4
23/10/2014,0.0
24/10/2014,0.0
25/10/2014,0.0
26/10/2014,0.0
27/10/2014,0.0
28/10/2014,0.0
29/10/2014,0.0
30/10/2014,0.0
31/10/2014,0.0
01/11/2014,0.0
02/11/2014,0.0
03/11/2014,0.0
04/11/2014,0.0
05/11/2014,20.8
06/11/2014,52.6
07/11/2014,7.4
08/11/2014,0.0
09/11/2014,0.0
10/11/2014,48.8
11/11/2014,50.6
12/11/2014,7.2
13/11/2014,6.2
14/11/2014,0.0
15/11/2014,0.6
16/11/2014,29.4
17/11/2014,6.4
18/11/2014,40.8
19/11/2014,37.2
20/11/2014,0.0
21/11/2014,0.0
22/11/2014,2.0
23/11/2014,0.2
24/11/2014,0.0
25/11/2014,0.0
26/11/2014,7.2
27/11/2014,11.8
28/11/2014,13.2
29/11/2014,0.4
30/11/2014,0.6
01/12/2014,14.4
02/12/2014,13.2
03/12/2014,6.8
04/12/2014,2.8
05/12/2014,0.2
06/12/2014,3.6
07/12/2014,6.0
08/12/2014,0.0
09/12/2014,0.0
10/12/2014,0.0
11/12/2014,0.0
12/12/2014,0.0
13/12/2014,5.4
14/12/2014,11.0
15/12/2014,0.0
16/12/2014,19.4
17/12/2014,0.6
18/12/2014,0.0
19/12/2014,0.0
20/12/2014,0.0
21/12/2014,0.0
22/12/2014,0.0
23/12/2014,0.0
24/12/2014,0.0
25/12/2014,0.0
26/12/2014,0.0
27/12/2014,0.0
28/12/2014,51.6
29/12/2014,0.0
30/12/2014,0.0
31/12/2014,0.0
01/01/2015,0.0
02/01/2015,0.0
03/01/2015,0.0
04/01/2015,0.0
05/01/2015,0.0
06/01/2015,0.0
07/01/2015,0.0
08/01/2015,0.0
09/01/2015,0.0
10/01/2015,0.0
11/01/2015,0.8
12/01/2015,2.2
13/01/2015,0.0
14/01/2015,0.0
15/01/2015,3.2
16/01/2015,0.2
17/01/2015,11.6
18/01/2015,0.6
19/01/2015,0.0
20/01/2015,0.0
21/01/2015,0.2
22/01/2015,32.6
23/01/2015,2.8
24/01/2015,0.0
25/01/2015,0.0
26/01/2015,0.0
27/01/2015,0.0
28/01/2015,0.0
29/01/2015,0.8
30/01/2015,74.0
31/01/2015,1.2
01/02/2015,5.2
02/02/2015,0.0
03/02/2015,12.0
04/02/2015,6.0
05/02/2015,16.4
06/02/2015,10.8
07/02/2015,0.0
08/02/2015,0.0
09/02/2015,0.0
10/02/2015,0.0
11/02/2015,0.0
12/02/2015,0.0
13/02/2015,0.0
14/02/2015,6.2
15/02/2015,46.4
16/02/2015,5.0
17/02/2015,0.2
18/02/2015,0.0
19/02/2015,0.0
20/02/2015,0.0
21/02/2015,0.0
22/02/2015,14.6
23/02/2015,0.0
24/02/2015,4.8
25/02/2015,11.2
26/02/2015,0.0
27/02/2015,0.0
28/02/2015,0.0
01/03/2015,0.0
02/03/2015,27.0
03/03/2015,8.6
04/03/2015,0.2
05/03/2015,24.6
06/03/2015,0.0
07/03/2015,0.0
08/03/2015,0.0
09/03/2015,0.0
10/03/2015,0.0
11/03/2015,0.0
12/03/2015,0.0
13/03/2015,0.0
14/03/2015,0.0
15/03/2015,0.0
16/03/2015,9.2
17/03/2015,8.4
18/03/2015,0.2
19/03/2015,0.0
20/03/2015,0.0
21/03/2015,0.0
22/03/2015,0.0
23/03/2015,0.0
24/03/2015,2.0
25/03/2015,0.2
26/03/2015,13.6
27/03/2015,5.2
28/03/2015,0.0
29/03/2015,0.0
30/03/2015,0.0
31/03/2015,0.0
01/04/2015,0.0
02/04/2015,0.0
03/04/2015,0.0
04/04/2015,1.6
05/04/2015,19.4
06/04/2015,0.0
07/04/2015,0.0
08/04/2015,0.0
09/04/2015,0.0
10/04/2015,0.0
11/04/2015,0.0
12/04/2015,0.0
13/04/2015,0.0
14/04/2015,0.0
15/04/2015,0.0
16/04/2015,0.0
17/04/2015,1.0
18/04/2015,10.8
19/04/2015,0.6
20/04/2015,0.6
21/04/2015,0.0
22/04/2015,0.0
23/04/2015,0.0
24/04/2015,0.0
25/04/2015,0.0
26/04/2015,0.0
27/04/2015,12.0
28/04/2015,43.0
29/04/2015,7.8
30/04/2015,0.0
01/05/2015,0.0
02/05/2015,7.2
03/05/2015,0.4
04/05/2015,0.0
05/05/2015,0.0
06/05/2015,0.0
07/05/2015,0.0
08/05/2015,0.0
09/05/2015,0.0
10/05/2015,0.0
11/05/2015,0.0
12/05/2015,0.0
13/05/2015,0.0
14/05/2015,0.0
15/05/2015,6.2
16/05/2015,11.2
17/05/2015,0.6
18/05/2015,0.0
19/05/2015,0.0
20/05/2015,0.0
21/05/2015,7.6
22/05/2015,2.6
23/05/2015,1.0
24/05/2015,2.8
25/05/2015,0.0
26/05/2015,0.0
27/05/2015,4.0
28/05/2015,0.0
29/05/2015,0.0
30/05/2015,0.0
31/05/2015,0.0
01/06/2015,0.0
02/06/2015,0.0
03/06/2015,0.0
04/06/2015,0.0
05/06/2015,0.0
06/06/2015,0.0
07/06/2015,0.0
08/06/2015,0.0
09/06/2015,4.6
10/06/2015,0.0
11/06/2015,0.0
12/06/2015,0.0
13/06/2015,0.2
14/06/2015,0.0
15/06/2015,27.0
16/06/2015,8.0
17/06/2015,0.0
18/06/2015,0.2
19/06/2015,0.0
20/06/2015,0.0
21/06/2015,5.6
22/06/2015,0.6
23/06/2015,0.8
24/06/2015,12.8
25/06/2015,0.0
26/06/2015,0.0
27/06/2015,0.0
28/06/2015,0.0
29/06/2015,0.0
30/06/2015,0.0
01/07/2015,0.0
02/07/2015,0.0
03/07/2015,0.0
04/07/2015,0.2
05/07/2015,0.0
06/07/2015,0.0
07/07/2015,0.0
08/07/2015,0.0
09/07/2015,0.0
10/07/2015,0.0
11/07/2015,0.0
12/07/2015,0.0
13/07/2015,0.0
14/07/2015,0.0
15/07/2015,0.0
16/07/2015,0.0
17/07/2015,0.0
18/07/2015,0.0
19/07/2015,0.0
20/07/2015,0.0
21/07/2015,0.0
22/07/2015,0.0
23/07/2015,0.0
24/07/2015,0.0
25/07/2015,0.6
26/07/2015,1.0
27/07/2015,0.0
28/07/2015,0.0
29/07/2015,0.0
30/07/2015,0.0
31/07/2015,0.0
01/08/2015,0.0
02/08/2015,2.2
03/08/2015,0.0
04/08/2015,0.0
05/08/2015,0.0
06/08/2015,1.2
07/08/2015,0.0
08/08/2015,0.0
09/08/2015,0.0
10/08/2015,0.6
11/08/2015,2.4
12/08/2015,0.0
13/08/2015,0.0
14/08/2015,0.0
15/08/2015,0.0
16/08/2015,17.4
17/08/2015,0.2
18/08/2015,0.0
19/08/2015,14.4
20/08/2015,0.0
21/08/2015,0.0
22/08/2015,0.0
23/08/2015,0.0
24/08/2015,25.6
25/08/2015,2.2
26/08/2015,0.0
27/08/2015,0.0
28/08/2015,0.0
29/08/2015,0.0
30/08/2015,0.0
31/08/2015,0.0
01/09/2015,0.0
02/09/2015,0.0
03/09/2015,0.0
04/09/2015,0.0
05/09/2015,0.0
06/09/2015,0.0
07/09/2015,0.0
08/09/2015,0.0
09/09/2015,0.0
10/09/2015,0.0
11/09/2015,0.0
12/09/2015,0.0
13/09/2015,0.0
14/09/2015,41.0
15/09/2015,5.0
16/09/2015,0.0
17/09/2015,0.0
18/09/2015,0.0
19/09/2015,0.0
20/09/2015,0.0
21/09/2015,0.0
22/09/2015,0.0
23/09/2015,12.8
24/09/2015,10.8
25/09/2015,0.0
26/09/2015,0.0
27/09/2015,0.0
28/09/2015,0.0
29/09/2015,0.0
30/09/2015,0.0
01/10/2015,0.0
02/10/2015,0.4
03/10/2015,15.0
04/10/2015,11.6
05/10/2015,3.4
06/10/2015,2.6
07/10/2015,59.6
08/10/2015,0.0
09/10/2015,0.0
10/10/2015,0.0
11/10/2015,1.6
12/10/2015,0.0
13/10/2015,55.0
14/10/2015,89.6
15/10/2015,103.6
16/10/2015,13.2
17/10/2015,4.2
18/10/2015,0.0
19/10/2015,1.8
20/10/2015,0.0
21/10/2015,0.0
22/10/2015,0.0
23/10/2015,0.0
24/10/2015,0.0
25/10/2015,0.0
26/10/2015,0.0
27/10/2015,0.0
28/10/2015,59.0
29/10/2015,24.2
30/10/2015,0.6
31/10/2015,0.0
01/11/2015,0.0
02/11/2015,0.0
03/11/2015,0.0
04/11/2015,0.4
05/11/2015,0.0
06/11/2015,0.0
07/11/2015,0.0
08/11/2015,0.0
09/11/2015,0.0
10/11/2015,0.0
11/11/2015,0.0
12/11/2015,0.0
13/11/2015,0.0
14/11/2015,0.0
15/11/2015,0.0
16/11/2015,0.0
17/11/2015,0.0
18/11/2015,0.0
19/11/2015,0.0
20/11/2015,0.0
21/11/2015,12.6
22/11/2015,52.4
23/11/2015,0.0
24/11/2015,0.6
25/11/2015,0.0
26/11/2015,1.2
27/11/2015,0.0
28/11/2015,0.0
29/11/2015,0.0
30/11/2015,0.0
01/12/2015,0.0
02/12/2015,0.0
03/12/2015,0.0
04/12/2015,0.0
05/12/2015,0.0
06/12/2015,0.0
07/12/2015,0.0
08/12/2015,0.0
09/12/2015,1.0
10/12/2015,0.0
11/12/2015,0.0
12/12/2015,0.0
13/12/2015,3.8
14/12/2015,3.0
15/12/2015,0.0
16/12/2015,0.0
17/12/2015,0.0
18/12/2015,0.0
19/12/2015,0.0
20/12/2015,0.0
21/12/2015,0.0
22/12/2015,11.8
23/12/2015,0.4
24/12/2015,0.8
25/12/2015,0.0
26/12/2015,0.0
27/12/2015,0.0
28/12/2015,0.0
29/12/2015,0.0
30/12/2015,0.2
31/12/2015,0.0
01/01/2016,0.0
02/01/2016,6.6
03/01/2016,45.6
04/01/2016,32.2
05/01/2016,26.8
06/01/2016,18.0
07/01/2016,0.0
08/01/2016,9.6
09/01/2016,21.6
10/01/2016,23.0
11/01/2016,0.8
12/01/2016,7.6
13/01/2016,0.0
14/01/2016,3.6
15/01/2016,60.0
16/01/2016,0.0
17/01/2016,0.0
18/01/2016,0.0
19/01/2016,0.0
20/01/2016,0.0
21/01/2016,0.0
22/01/2016,0.0
23/01/2016,0.0
24/01/2016,0.0
25/01/2016,0.0
26/01/2016,0.0
27/01/2016,0.0
28/01/2016,1.2
29/01/2016,0.4
30/01/2016,8.8
31/01/2016,10.4
01/02/2016,10.4
02/02/2016,0.6
03/02/2016,3.0
04/02/2016,10.0
05/02/2016,0.0
06/02/2016,0.0
07/02/2016,10.4
08/02/2016,35.6
09/02/2016,10.4
10/02/2016,55.6
11/02/2016,0.0
12/02/2016,23.2
13/02/2016,15.6
14/02/2016,28.6
15/02/2016,11.6
16/02/2016,24.0
17/02/2016,15.4
18/02/2016,0.0
19/02/2016,4.0
20/02/2016,7.8
21/02/2016,0.0
22/02/2016,0.0
23/02/2016,25.6
24/02/2016,2.4
25/02/2016,1.8
26/02/2016,13.4
27/02/2016,3.2
28/02/2016,43.4
29/02/2016,28.8
01/03/2016,7.8
02/03/2016,0.0
03/03/2016,13.8
04/03/2016,0.0
05/03/2016,5.6
06/03/2016,23.4
07/03/2016,0.0
08/03/2016,20.6
09/03/2016,7.6
10/03/2016,0.0
11/03/2016,0.4
12/03/2016,0.0
13/03/2016,0.0
14/03/2016,0.0
15/03/2016,0.0
16/03/2016,0.0
17/03/2016,0.0
18/03/2016,0.0
19/03/2016,0.0
20/03/2016,0.0
21/03/2016,3.0
22/03/2016,0.2
23/03/2016,0.0
24/03/2016,0.0
25/03/2016,0.0
26/03/2016,0.0
27/03/2016,0.0
28/03/2016,4.0
29/03/2016,2.2
30/03/2016,0.0
31/03/2016,0.0
01/04/2016,0.0
02/04/2016,0.0
03/04/2016,0.0
04/04/2016,0.0
05/04/2016,0.0
06/04/2016,0.0
07/04/2016,0.0
08/04/2016,0.0
09/04/2016,0.0
10/04/2016,0.0
11/04/2016,0.0
12/04/2016,0.0
13/04/2016,0.0
14/04/2016,0.2
15/04/2016,0.0
16/04/2016,0.0
17/04/2016,0.0
18/04/2016,0.0
19/04/2016,0.0
20/04/2016,0.0
21/04/2016,0.0
22/04/2016,0.0
23/04/2016,8.8
24/04/2016,34.0
25/04/2016,26.8
26/04/2016,1.2
27/04/2016,1.8
28/04/2016,0.0
29/04/2016,0.0
30/04/2016,0.0
01/05/2016,6.8
02/05/2016,0.4
03/05/2016,0.0
04/05/2016,5.2
05/05/2016,0.0
06/05/2016,0.0
07/05/2016,0.0
08/05/2016,0.0
09/05/2016,0.0
10/05/2016,0.2
11/05/2016,1.6
12/05/2016,20.4
13/05/2016,12.0
14/05/2016,38.6
15/05/2016,1.0
16/05/2016,7.2
17/05/2016,2.0
18/05/2016,0.0
19/05/2016,21.6
20/05/2016,13.6
21/05/2016,0.0
22/05/2016,0.0
23/05/2016,1.4
24/05/2016,0.0
25/05/2016,0.0
26/05/2016,0.0
27/05/2016,0.0
28/05/2016,0.0
29/05/2016,2.4
30/05/2016,14.0
31/05/2016,0.0
01/06/2016,0.8
02/06/2016,58.6
03/06/2016,17.4
04/06/2016,3.0
05/06/2016,1.6
06/06/2016,0.0
07/06/2016,0.0
08/06/2016,0.0
09/06/2016,0.0
10/06/2016,1.0
11/06/2016,0.0
12/06/2016,2.0
13/06/2016,9.0
14/06/2016,2.0
15/06/2016,16.2
16/06/2016,0.0
17/06/2016,6.8
18/06/2016,0.0
19/06/2016,2.4
20/06/2016,2.4
21/06/2016,0.0
22/06/2016,0.0
23/06/2016,0.0
24/06/2016,0.0
25/06/2016,0.0
26/06/2016,0.0
27/06/2016,0.0
28/06/2016,0.0
29/06/2016,0.0
30/06/2016,0.0
01/07/2016,0.0
02/07/2016,0.0
03/07/2016,0.0
04/07/2016,0.0
05/07/2016,0.0
06/07/2016,0.0
07/07/2016,0.0
08/07/2016,0.0
09/07/2016,0.0
10/07/2016,0.0
11/07/2016,0.0
12/07/2016,0.0
13/07/2016,0.2
14/07/2016,0.0
15/07/2016,0.0
16/07/2016,0.0
17/07/2016,0.0
18/07/2016,0.0
19/07/2016,0.0
20/07/2016,0.0
21/07/2016,0.0
22/07/2016,0.0
23/07/2016,0.0
24/07/2016,0.4
25/07/2016,0.0
26/07/2016,0.2
27/07/2016,0.0
28/07/2016,0.0
29/07/2016,0.0
30/07/2016,0.0
31/07/2016,0.0
01/08/2016,0.0
02/08/2016,20.0
03/08/2016,0.2
04/08/2016,0.0
05/08/2016,0.8
06/08/2016,5.2
07/08/2016,0.0
08/08/2016,0.0
09/08/2016,0.0
10/08/2016,0.0
11/08/2016,0.0
12/08/2016,0.0
13/08/2016,0.0
14/08/2016,0.0
15/08/2016,0.0
16/08/2016,0.0
17/08/2016,0.0
18/08/2016,0.0
19/08/2016,5.0
20/08/2016,0.0
21/08/2016,0.0
22/08/2016,0.0
23/08/2016,0.0
24/08/2016,0.0
25/08/2016,0.0
26/08/2016,0.0
27/08/2016,0.0
28/08/2016,0.0
29/08/2016,0.0
30/08/2016,0.0
31/08/2016,0.2
01/09/2016,0.2
02/09/2016,0.0
03/09/2016,0.0
04/09/2016,0.0
05/09/2016,0.0
06/09/2016,0.0
07/09/2016,10.0
08/09/2016,0.0
09/09/2016,0.0
10/09/2016,0.0
11/09/2016,0.0
12/09/2016,0.0
13/09/2016,0.0
14/09/2016,0.0
15/09/2016,0.0
16/09/2016,15.0
17/09/2016,69.2
18/09/2016,3.0
19/09/2016,0.2
20/09/2016,0.0
21/09/2016,0.0
22/09/2016,0.4
23/09/2016,0.0
24/09/2016,0.0
25/09/2016,0.0
26/09/2016,0.0
27/09/2016,0.0
28/09/2016,0.0
29/09/2016,0.0
30/09/2016,0.0
01/10/2016,0.0
02/10/2016,24.4
03/10/2016,2.6
04/10/2016,0.0
05/10/2016,0.0
06/10/2016,3.4
07/10/2016,0.0
08/10/2016,0.0
09/10/2016,4.8
10/10/2016,1.0
11/10/2016,1.2
12/10/2016,0.0
13/10/2016,0.0
14/10/2016,19.8
15/10/2016,65.2
16/10/2016,0.4
17/10/2016,0.0
18/10/2016,0.6
19/10/2016,1.8
20/10/2016,15.8
21/10/2016,0.6
22/10/2016,0.0
23/10/2016,0.0
24/10/2016,1.2
25/10/2016,0.2
26/10/2016,0.8
27/10/2016,62.6
28/10/2016,0.0
29/10/2016,0.0
30/10/2016,0.0
31/10/2016,0.0
01/11/2016,0.0
02/11/2016,7.2
03/11/2016,35.6
04/11/2016,0.0
05/11/2016,15.6
06/11/2016,99.6
07/11/2016,29.0
08/11/2016,0.0
09/11/2016,0.0
10/11/2016,15.4
11/11/2016,0.0
12/11/2016,5.4
13/11/2016,0.0
14/11/2016,0.0
15/11/2016,0.0
16/11/2016,0.0
17/11/2016,0.0
18/11/2016,14.8
19/11/2016,46.0
20/11/2016,20.4
21/11/2016,0.0
22/11/2016,1.0
23/11/2016,2.8
24/11/2016,0.0
25/11/2016,21.4
26/11/2016,0.0
27/11/2016,0.0
28/11/2016,0.0
29/11/2016,0.0
30/11/2016,0.0
01/12/2016,0.0
02/12/2016,0.0
03/12/2016,0.0
04/12/2016,0.0
05/12/2016,0.6
06/12/2016,0.0
07/12/2016,0.0
08/12/2016,0.0
09/12/2016,0.0
10/12/2016,0.0
11/12/2016,0.0
12/12/2016,0.0
13/12/2016,0.0
14/12/2016,0.0
15/12/2016,0.0
16/12/2016,0.0
17/12/2016,0.0
18/12/2016,0.0
19/12/2016,0.0
20/12/2016,0.0
21/12/2016,4.2
22/12/2016,0.2
23/12/2016,0.0
24/12/2016,0.0
25/12/2016,0.0
26/12/2016,0.0
27/12/2016,0.0
28/12/2016,0.0
29/12/2016,0.0
30/12/2016,0.0
31/12/2016,0.0
01/01/2017,0.0
02/01/2017,1.4
03/01/2017,20.6
04/01/2017,0.0
05/01/2017,0.0
06/01/2017,0.0
07/01/2017,0.0
08/01/2017,0.0
09/01/2017,0.0
10/01/2017,0.0
11/01/2017,0.0
12/01/2017,0.4
13/01/2017,44.8
14/01/2017,1.2
15/01/2017,0.0
16/01/2017,0.0
17/01/2017,0.0
18/01/2017,0.0
19/01/2017,0.0
20/01/2017,0.0
21/01/2017,0.0
22/01/2017,0.0
23/01/2017,0.0
24/01/2017,0.0
25/01/2017,0.0
26/01/2017,0.0
27/01/2017,0.0
28/01/2017,0.0
29/01/2017,0.0
30/01/2017,0.0
31/01/2017,18.8
01/02/2017,60.0
02/02/2017,10.6
03/02/2017,5.6
04/02/2017,20.6
05/02/2017,34.8
06/02/2017,35.6
07/02/2017,1.2
08/02/2017,0.0
09/02/2017,0.0
10/02/2017,0.0
11/02/2017,0.0
12/02/2017,0.0
13/02/2017,0.0
14/02/2017,0.0
15/02/2017,0.0
16/02/2017,0.0
17/02/2017,3.6
18/02/2017,7.0
19/02/2017,0.0
20/02/2017,0.0
21/02/2017,0.0
22/02/2017,0.0
23/02/2017,0.0
24/02/2017,6.8
25/02/2017,7.2
26/02/2017,0.0
27/02/2017,0.0
28/02/2017,0.8
01/03/2017,6.6
02/03/2017,7.8
03/03/2017,0.6
04/03/2017,0.0
05/03/2017,36.4
06/03/2017,31.4
07/03/2017,38.2
08/03/2017,0.0
09/03/2017,0.0
10/03/2017,0.0
11/03/2017,0.0
12/03/2017,0.0
13/03/2017,0.0
14/03/2017,0.0
15/03/2017,0.0
16/03/2017,0.0
17/03/2017,0.0
18/03/2017,0.0
19/03/2017,0.0
20/03/2017,0.0
21/03/2017,0.0
22/03/2017,2.6
23/03/2017,1.4
24/03/2017,2.4
25/03/2017,0.0
26/03/2017,2.2
27/03/2017,0.0
28/03/2017,0.0
29/03/2017,0.0
30/03/2017,0.0
31/03/2017,0.0
01/04/2017,0.0
02/04/2017,0.8
03/04/2017,4.0
04/04/2017,0.0
05/04/2017,0.0
06/04/2017,0.0
07/04/2017,0.4
08/04/2017,0.0
09/04/2017,0.0
10/04/2017,0.0
11/04/2017,0.0
12/04/2017,0.0
13/04/2017,0.0
14/04/2017,0.0
15/04/2017,0.0
16/04/2017,1.4
17/04/2017,0.0
18/04/2017,0.0
19/04/2017,12.0
20/04/2017,0.0
21/04/2017,0.0
22/04/2017,0.0
23/04/2017,0.0
24/04/2017,0.0
25/04/2017,0.0
26/04/2017,1.2
27/04/2017,13.4
28/04/2017,5.6
29/04/2017,0.0
30/04/2017,0.0
01/05/2017,0.0
02/05/2017,3.4
03/05/2017,1.8
04/05/2017,3.4
05/05/2017,2.2
06/05/2017,0.6
07/05/2017,19.2
08/05/2017,3.4
09/05/2017,0.0
10/05/2017,0.0
11/05/2017,0.0
12/05/2017,0.0
13/05/2017,2.6
14/05/2017,0.0
15/05/2017,0.0
16/05/2017,0.0
17/05/2017,0.0
18/05/2017,0.0
19/05/2017,0.0
20/05/2017,0.0
21/05/2017,11.2
22/05/2017,0.0
23/05/2017,0.0
24/05/2017,0.0
25/05/2017,0.0
26/05/2017,0.0
27/05/2017,0.0
28/05/2017,0.0
29/05/2017,0.0
30/05/2017,0.0
31/05/2017,0.0
01/06/2017,0.0
02/06/2017,0.0
03/06/2017,0.0
04/06/2017,0.0
05/06/2017,3.6
06/06/2017,0.0
07/06/2017,0.4
08/06/2017,0.0
09/06/2017,0.0
10/06/2017,0.0
11/06/2017,0.0
12/06/2017,0.0
13/06/2017,0.0
14/06/2017,0.0
15/06/2017,0.0
16/06/2017,0.2
17/06/2017,0.0
18/06/2017,0.0
19/06/2017,0.0
20/06/2017,0.0
21/06/2017,0.0
22/06/2017,0.0
23/06/2017,0.0
24/06/2017,0.0
25/06/2017,0.2
26/06/2017,0.0
27/06/2017,0.0
28/06/2017,0.0
29/06/2017,50.6
30/06/2017,0.0
01/07/2017,1.6
02/07/2017,0.0
03/07/2017,0.0
04/07/2017,0.0
05/07/2017,0.0
06/07/2017,0.0
07/07/2017,0.0
08/07/2017,0.0
09/07/2017,0.0
10/07/2017,0.0
11/07/2017,0.0
12/07/2017,0.0
13/07/2017,0.0
14/07/2017,0.0
15/07/2017,24.8
16/07/2017,0.0
17/07/2017,0.0
18/07/2017,0.0
19/07/2017,0.0
20/07/2017,0.0
21/07/2017,0.0
22/07/2017,0.0
23/07/2017,0.0
24/07/2017,0.2
25/07/2017,2.0
26/07/2017,0.0
27/07/2017,0.0
28/07/2017,0.0
29/07/2017,0.0
30/07/2017,7.8
31/07/2017,0.0
01/08/2017,0.0
02/08/2017,0.0
03/08/2017,0.0
04/08/2017,0.0
05/08/2017,0.0
06/08/2017,0.0
07/08/2017,0.0
08/08/2017,0.0
09/08/2017,0.0
10/08/2017,0.0
11/08/2017,2.0
12/08/2017,25.2
13/08/2017,0.0
14/08/2017,0.0
15/08/2017,0.0
16/08/2017,0.0
17/08/2017,0.0
18/08/2017,0.0
19/08/2017,0.0
20/08/2017,0.0
21/08/2017,0.0
22/08/2017,0.0
23/08/2017,0.0
24/08/2017,0.0
25/08/2017,0.0
26/08/2017,0.0
27/08/2017,0.0
28/08/2017,0.0
29/08/2017,0.0
30/08/2017,0.0
31/08/2017,0.0
01/09/2017,5.4
02/09/2017,0.0
03/09/2017,2.6
04/09/2017,0.0
05/09/2017,0.0
06/09/2017,0.0
07/09/2017,6.0
08/09/2017,0.0
09/09/2017,0.0
10/09/2017,76.2
11/09/2017,4.0
12/09/2017,0.6
13/09/2017,1.8
14/09/2017,1.8
15/09/2017,2.0
16/09/2017,1.6
17/09/2017,0.0
18/09/2017,0.2
19/09/2017,28.8
20/09/2017,0.0
21/09/2017,0.0
22/09/2017,0.0
23/09/2017,0.0
24/09/2017,0.0
25/09/2017,4.2
26/09/2017,0.0
27/09/2017,0.0
28/09/2017,0.0
29/09/2017,0.0
30/09/2017,0.0
01/10/2017,0.0
02/10/2017,0.6
03/10/2017,0.0
04/10/2017,3.2
05/10/2017,0.0
06/10/2017,0.0
07/10/2017,0.0
08/10/2017,0.0
09/10/2017,0.0
10/10/2017,0.0
11/10/2017,0.0
12/10/2017,0.0
13/10/2017,0.0
14/10/2017,0.0
15/10/2017,0.0
16/10/2017,0.0
17/10/2017,0.0
18/10/2017,0.0
19/10/2017,0.0
20/10/2017,0.0
21/10/2017,0.0
22/10/2017,17.4
23/10/2017,1.4
24/10/2017,0.0
25/10/2017,0.0
26/10/2017,0.0
27/10/2017,0.0
28/10/2017,0.0
29/10/2017,0.0
30/10/2017,0.0
31/10/2017,0.0
01/11/2017,0.0
02/11/2017,0.0
03/11/2017,11.6
04/11/2017,0.6
05/11/2017,0.0
06/11/2017,35.2
07/11/2017,38.8
08/11/2017,5.6
09/11/2017,3.6
10/11/2017,0.2
11/11/2017,0.0
12/11/2017,0.0
13/11/2017,8.8
14/11/2017,0.8
15/11/2017,0.0
16/11/2017,0.4
17/11/2017,0.0
18/11/2017,0.0
19/11/2017,0.0
20/11/2017,0.0
21/11/2017,0.6
22/11/2017,0.4
23/11/2017,0.0
24/11/2017,0.0
25/11/2017,0.0
26/11/2017,16.6
27/11/2017,0.0
28/11/2017,0.0
29/11/2017,37.2
30/11/2017,7.0
01/12/2017,0.0
02/12/2017,2.2
03/12/2017,0.0
04/12/2017,0.0
05/12/2017,0.0
06/12/2017,0.0
07/12/2017,0.0
08/12/2017,43.0
09/12/2017,98.4
10/12/2017,0.0
11/12/2017,123.8
12/12/2017,30.4
13/12/2017,6.6
14/12/2017,38.0
15/12/2017,23.0
16/12/2017,19.8
17/12/2017,1.6
18/12/2017,0.0
19/12/2017,0.0
20/12/2017,0.0
21/12/2017,0.0
22/12/2017,0.0
23/12/2017,0.0
24/12/2017,0.0
25/12/2017,0.0
26/12/2017,11.0
27/12/2017,37.0
28/12/2017,44.8
29/12/2017,0.6
30/12/2017,0.0
31/12/2017,1.2
01/01/2018,0.6
02/01/2018,23.8
03/01/2018,1.0
04/01/2018,7.6
05/01/2018,3.8
06/01/2018,4.6
07/01/2018,0.2
08/01/2018,0.0
09/01/2018,3.6
10/01/2018,3.2
11/01/2018,5.2
12/01/2018,0.8
13/01/2018,0.0
14/01/2018,0.0
15/01/2018,0.0
16/01/2018,43.0
17/01/2018,50.2
18/01/2018,0.0
19/01/2018,28.4
20/01/2018,9.4
21/01/2018,5.2
22/01/2018,0.0
23/01/2018,0.0
24/01/2018,0.0
25/01/2018,0.0
26/01/2018,0.0
27/01/2018,0.0
28/01/2018,0.0
29/01/2018,0.0
30/01/2018,0.0
31/01/2018,0.2
01/02/2018,6.2
02/02/2018,31.6
03/02/2018,33.8
04/02/2018,2.0
05/02/2018,0.0
06/02/2018,1.0
07/02/2018,1.2
08/02/2018,1.2
09/02/2018,2.2
10/02/2018,0.0
11/02/2018,0.0
12/02/2018,12.8
13/02/2018,2.2
14/02/2018,0.0
15/02/2018,0.0
16/02/2018,0.0
17/02/2018,1.0
18/02/2018,36.8
19/02/2018,0.0
20/02/2018,0.0
21/02/2018,0.0
22/02/2018,0.0
23/02/2018,4.2
24/02/2018,18.4
25/02/2018,1.8
26/02/2018,2.6
27/02/2018,0.0
28/02/2018,0.0
01/03/2018,0.0
02/03/2018,29.4
03/03/2018,16.6
04/03/2018,23.2
05/03/2018,6.6
06/03/2018,2.6
07/03/2018,49.6
08/03/2018,4.2
09/03/2018,0.6
10/03/2018,0.0
11/03/2018,21.4
12/03/2018,51.0
13/03/2018,12.0
14/03/2018,27.6
15/03/2018,0.0
16/03/2018,67.2
17/03/2018,14.4
18/03/2018,6.8
19/03/2018,29.4
20/03/2018,2.4
21/03/2018,0.0
22/03/2018,0.0
23/03/2018,0.0
24/03/2018,0.0
25/03/2018,0.0
26/03/2018,0.0
27/03/2018,0.0
28/03/2018,0.2
29/03/2018,0.4
30/03/2018,1.4
31/03/2018,37.4
01/04/2018,9.6
02/04/2018,0.0
03/04/2018,0.0
04/04/2018,21.6
05/04/2018,34.0
06/04/2018,0.0
07/04/2018,0.0
08/04/2018,0.0
09/04/2018,8.8
10/04/2018,11.2
11/04/2018,10.4
12/04/2018,7.2
13/04/2018,9.4
14/04/2018,0.0
15/04/2018,0.0
16/04/2018,0.0
17/04/2018,0.0
18/04/2018,0.0
19/04/2018,0.0
20/04/2018,0.0
21/04/2018,0.0
22/04/2018,0.0
23/04/2018,0.0
24/04/2018,0.0
25/04/2018,0.0
26/04/2018,0.0
27/04/2018,0.0
28/04/2018,0.0
29/04/2018,0.0
30/04/2018,2.8
01/05/2018,0.4
02/05/2018,18.6
03/05/2018,4.6
04/05/2018,2.6
05/05/2018,0.0
06/05/2018,0.2
07/05/2018,0.0
08/05/2018,5.4
09/05/2018,1.0
10/05/2018,18.8
11/05/2018,1.4
12/05/2018,0.0
13/05/2018,0.0
14/05/2018,14.8
15/05/2018,0.2
16/05/2018,0.0
17/05/2018,0.2
18/05/2018,4.2
19/05/2018,0.0
20/05/2018,0.0
21/05/2018,4.0
22/05/2018,18.4
23/05/2018,7.0
24/05/2018,0.0
25/05/2018,0.0
26/05/2018,0.0
27/05/2018,0.0
28/05/2018,0.0
29/05/2018,0.0
30/05/2018,0.0
31/05/2018,2.8
01/06/2018,0.0
02/06/2018,0.0
03/06/2018,0.0
04/06/2018,0.0
05/06/2018,0.0
06/06/2018,0.0
07/06/2018,0.0
08/06/2018,4.2
09/06/2018,1.2
10/06/2018,0.0
11/06/2018,0.0
12/06/2018,0.0
13/06/2018,7.8
14/06/2018,5.0
15/06/2018,0.0
16/06/2018,0.0
17/06/2018,0.0
18/06/2018,0.0
19/06/2018,0.0
20/06/2018,0.0
21/06/2018,0.0
22/06/2018,0.0
23/06/2018,0.0
24/06/2018,0.0
25/06/2018,0.0
26/06/2018,0.8
27/06/2018,0.0
28/06/2018,2.0
29/06/2018,0.2
30/06/2018,0.0
01/07/2018,0.0
02/07/2018,0.0
03/07/2018,0.0
04/07/2018,0.2
05/07/2018,0.0
06/07/2018,7.6
07/07/2018,0.0
08/07/2018,2.0
09/07/2018,0.0
10/07/2018,0.0
11/07/2018,0.2
12/07/2018,0.0
13/07/2018,0.0
14/07/2018,0.0
15/07/2018,0.0
16/07/2018,0.0
17/07/2018,0.2
18/07/2018,0.0
19/07/2018,0.0
20/07/2018,0.0
21/07/2018,0.0
22/07/2018,0.2
23/07/2018,16.6
24/07/2018,0.0
25/07/2018,0.0
26/07/2018,0.0
27/07/2018,4.8
28/07/2018,0.0
29/07/2018,0.0
30/07/2018,0.0
31/07/2018,0.0
01/08/2018,0.0
02/08/2018,0.0
03/08/2018,0.0
04/08/2018,0.0
05/08/2018,0.0
06/08/2018,0.0
07/08/2018,0.0
08/08/2018,0.0
09/08/2018,0.0
10/08/2018,0.0
11/08/2018,0.0
12/08/2018,0.0
13/08/2018,0.0
14/08/2018,3.2
15/08/2018,0.0
16/08/2018,0.0
17/08/2018,0.0
18/08/2018,0.0
19/08/2018,2.8
20/08/2018,0.0
21/08/2018,0.0
22/08/2018,0.0
23/08/2018,4.4
24/08/2018,0.0
25/08/2018,8.6
26/08/2018,1.4
27/08/2018,0.0
28/08/2018,0.0
29/08/2018,0.0
30/08/2018,0.0
31/08/2018,0.0
01/09/2018,27.4
02/09/2018,22.4
03/09/2018,1.8
04/09/2018,0.0
05/09/2018,0.0
06/09/2018,0.0
07/09/2018,0.0
08/09/2018,0.0
09/09/2018,0.0
10/09/2018,0.0
11/09/2018,0.0
12/09/2018,0.0
13/09/2018,0.0
14/09/2018,0.0
15/09/2018,0.0
16/09/2018,0.0
17/09/2018,0.0
18/09/2018,0.0
19/09/2018,0.0
20/09/2018,0.0
21/09/2018,0.0
22/09/2018,0.0
23/09/2018,0.0
24/09/2018,6.0
25/09/2018,0.0
26/09/2018,0.0
27/09/2018,0.0
28/09/2018,0.0
29/09/2018,0.0
30/09/2018,0.0
01/10/2018,6.0
02/10/2018,4.8
03/10/2018,0.0
04/10/2018,0.0
05/10/2018,0.0
06/10/2018,0.6
07/10/2018,4.4
08/10/2018,0.0
09/10/2018,0.0
10/10/2018,0.0
11/10/2018,0.8
12/10/2018,0.2
13/10/2018,0.0
14/10/2018,0.0
15/10/2018,0.0
16/10/2018,0.0
17/10/2018,1.2
18/10/2018,0.0
19/10/2018,0.0
20/10/2018,0.0
21/10/2018,0.0
22/10/2018,0.0
23/10/2018,0.0
24/10/2018,0.0
25/10/2018,0.0
26/10/2018,0.8
27/10/2018,15.4
28/10/2018,1.4
29/10/2018,22.6
30/10/2018,117.2
31/10/2018,2.6
01/11/2018,12.4
02/11/2018,0.2
03/11/2018,16.0
04/11/2018,0.0
05/11/2018,1.8
06/11/2018,6.0
07/11/2018,10.0
08/11/2018,0.2
09/11/2018,0.0
10/11/2018,0.0
11/11/2018,9.6
12/11/2018,1.0
13/11/2018,0.0
14/11/2018,0.0
15/11/2018,0.0
16/11/2018,0.0
17/11/2018,0.0
18/11/2018,0.0
19/11/2018,0.0
20/11/2018,0.2
21/11/2018,0.0
22/11/2018,2.2
23/11/2018,2.0
24/11/2018,114.4
25/11/2018,1.2
26/11/2018,6.0
27/11/2018,0.0
28/11/2018,0.0
29/11/2018,0.0
30/11/2018,0.0
01/12/2018,0.0
02/12/2018,0.0
03/12/2018,32.6
04/12/2018,3.0
05/12/2018,0.0
06/12/2018,4.6
07/12/2018,5.0
08/12/2018,9.6
09/12/2018,0.4
10/12/2018,0.6
11/12/2018,0.0
12/12/2018,0.0
13/12/2018,0.4
14/12/2018,0.0
15/12/2018,0.0
16/12/2018,0.0
17/12/2018,15.6
18/12/2018,0.2
19/12/2018,0.0
20/12/2018,12.2
21/12/2018,0.0
22/12/2018,24.0
23/12/2018,6.8
24/12/2018,0.4
25/12/2018,0.4
26/12/2018,0.0
27/12/2018,0.0
28/12/2018,0.0
29/12/2018,0.0
30/12/2018,0.0
31/12/2018,0.0
01/01/2019,0.0
02/01/2019,0.0
03/01/2019,0.0
04/01/2019,0.0
05/01/2019,0.0
06/01/2019,0.0
07/01/2019,0.0
08/01/2019,0.0
09/01/2019,0.0
10/01/2019,0.0
11/01/2019,0.0
12/01/2019,0.0
13/01/2019,0.0
14/01/2019,0.0
15/01/2019,0.0
16/01/2019,0.0
17/01/2019,7.6
18/01/2019,22.0
19/01/2019,0.0
20/01/2019,0.4
21/01/2019,0.2
22/01/2019,0.0
23/01/2019,2.6
24/01/2019,3.6
25/01/2019,0.0
26/01/2019,0.0
27/01/2019,0.0
28/01/2019,28.6
29/01/2019,0.6
30/01/2019,0.0
31/01/2019,9.6
01/02/2019,30.8
02/02/2019,63.4
03/02/2019,13.0
04/02/2019,6.6
05/02/2019,0.0
06/02/2019,0.0
07/02/2019,0.0
08/02/2019,0.0
09/02/2019,0.0
10/02/2019,1.0
11/02/2019,2.6
12/02/2019,0.0
13/02/2019,0.0
14/02/2019,0.0
15/02/2019,0.0
16/02/2019,0.0
17/02/2019,0.0
18/02/2019,0.0
19/02/2019,0.0
20/02/2019,0.0
21/02/2019,0.0
22/02/2019,0.0
23/02/2019,0.0
24/02/2019,0.0
25/02/2019,0.0
26/02/2019,0.0
27/02/2019,0.0
28/02/2019,0.0
01/03/2019,0.0
02/03/2019,0.0
03/03/2019,0.0
04/03/2019,0.0
05/03/2019,0.2
06/03/2019,0.0
07/03/2019,0.0
08/03/2019,2.0
09/03/2019,0.0
10/03/2019,0.0
11/03/2019,6.8
12/03/2019,0.6
13/03/2019,5.6
14/03/2019,21.8
15/03/2019,0.0
16/03/2019,0.0
17/03/2019,0.0
18/03/2019,0.8
19/03/2019,2.8
20/03/2019,0.0
21/03/2019,0.0
22/03/2019,0.0
23/03/2019,0.0
24/03/2019,0.0
25/03/2019,0.0
26/03/2019,0.0
27/03/2019,0.0
28/03/2019,0.0
29/03/2019,0.0
30/03/2019,0.0
31/03/2019,0.0
01/04/2019,0.0
02/04/2019,0.0
03/04/2019,2.4
04/04/2019,19.6
05/04/2019,25.2
06/04/2019,0.0
07/04/2019,0.0
08/04/2019,0.6
09/04/2019,0.0
10/04/2019,0.0
11/04/2019,0.0
12/04/2019,5.0
13/04/2019,1.2
14/04/2019,9.8
15/04/2019,9.4
16/04/2019,0.0
17/04/2019,0.0
18/04/2019,0.0
19/04/2019,0.0
20/04/2019,0.0
21/04/2019,0.0
22/04/2019,0.0
23/04/2019,19.6
24/04/2019,13.2
25/04/2019,8.2
26/04/2019,0.0
27/04/2019,2.2
28/04/2019,3.0
29/04/2019,5.0
30/04/2019,0.0
01/05/2019,0.0
02/05/2019,0.0
03/05/2019,0.4
04/05/2019,17.2
05/05/2019,4.6
06/05/2019,19.2
07/05/2019,0.0
08/05/2019,0.0
09/05/2019,36.0
10/05/2019,2.4
11/05/2019,1.0
12/05/2019,7.2
13/05/2019,0.0
14/05/2019,0.0
15/05/2019,0.0
16/05/2019,0.0
17/05/2019,0.0
18/05/2019,1.6
19/05/2019,26.0
20/05/2019,37.8
21/05/2019,1.8
22/05/2019,0.6
23/05/2019,0.4
24/05/2019,1.2
25/05/2019,0.0
26/05/2019,0.2
27/05/2019,4.6
28/05/2019,8.4
29/05/2019,18.4
30/05/2019,0.0
31/05/2019,0.0
01/06/2019,0.0
02/06/2019,0.0
03/06/2019,0.0
04/06/2019,0.0
05/06/2019,0.0
06/06/2019,0.0
07/06/2019,0.0
08/06/2019,0.0
09/06/2019,0.0
10/06/2019,0.0
11/06/2019,0.0
12/06/2019,0.0
13/06/2019,0.0
14/06/2019,0.0
15/06/2019,0.0
16/06/2019,0.0
17/06/2019,0.0
18/06/2019,0.0
19/06/2019,0.0
20/06/2019,0.0
21/06/2019,0.0
22/06/2019,0.8
23/06/2019,0.0
24/06/2019,0.0
25/06/2019,0.0
26/06/2019,0.0
27/06/2019,0.0
28/06/2019,0.0
29/06/2019,0.0
30/06/2019,0.0
01/07/2019,0.0
02/07/2019,0.0
03/07/2019,0.0
04/07/2019,0.0
05/07/2019,0.0
06/07/2019,0.0
07/07/2019,0.0
08/07/2019,21.2
09/07/2019,2.0
10/07/2019,0.0
11/07/2019,0.0
12/07/2019,0.0
13/07/2019,0.0
14/07/2019,0.0
15/07/2019,24.2
16/07/2019,4.6
17/07/2019,0.0
18/07/2019,0.0
19/07/2019,0.0
20/07/2019,0.0
21/07/2019,0.0
22/07/2019,0.0
23/07/2019,0.0
24/07/2019,0.0
25/07/2019,0.0
26/07/2019,0.0
27/07/2019,0.0
28/07/2019,71.6
29/07/2019,7.6
30/07/2019,0.0
31/07/2019,0.0
01/08/2019,0.0
02/08/2019,0.0
03/08/2019,0.0
04/08/2019,0.0
05/08/2019,0.0
06/08/2019,0.0
07/08/2019,0.0
08/08/2019,0.0
09/08/2019,0.0
10/08/2019,0.0
11/08/2019,0.0
12/08/2019,0.0
13/08/2019,0.0
14/08/2019,0.0
15/08/2019,0.0
16/08/2019,0.0
17/08/2019,0.0
18/08/2019,0.0
19/08/2019,0.0
20/08/2019,0.0
21/08/2019,0.0
22/08/2019,0.0
23/08/2019,1.4
24/08/2019,7.2
25/08/2019,0.0
26/08/2019,0.0
27/08/2019,0.0
28/08/2019,0.0
29/08/2019,0.0
30/08/2019,0.0
31/08/2019,32.6
01/09/2019,0.0
02/09/2019,0.0
03/09/2019,3.0
04/09/2019,0.0
05/09/2019,0.0
06/09/2019,1.4
07/09/2019,0.0
08/09/2019,12.4
09/09/2019,2.0
10/09/2019,0.0
11/09/2019,0.0
12/09/2019,0.0
13/09/2019,0.0
14/09/2019,0.0
15/09/2019,0.0
16/09/2019,0.0
17/09/2019,0.0
18/09/2019,0.0
19/09/2019,0.0
20/09/2019,5.4
21/09/2019,0.0
22/09/2019,4.4
23/09/2019,34.8
24/09/2019,1.8
25/09/2019,4.6
26/09/2019,35.6
27/09/2019,0.0
28/09/2019,0.4
29/09/2019,0.0
30/09/2019,5.2
01/10/2019,1.4
02/10/2019,38.0
03/10/2019,1.6
04/10/2019,0.0
05/10/2019,1.2
06/10/2019,0.0
07/10/2019,0.4
08/10/2019,0.0
09/10/2019,0.0
10/10/2019,41.4
11/10/2019,0.0
12/10/2019,0.0
13/10/2019,0.0
14/10/2019,0.0
15/10/2019,0.4
16/10/2019,10.2
17/10/2019,3.0
18/10/2019,0.0
19/10/2019,0.0
20/10/2019,1.0
21/10/2019,0.4
22/10/2019,0.0
23/10/2019,0.0
24/10/2019,3.2
25/10/2019,29.6
26/10/2019,0.0
27/10/2019,0.0
28/10/2019,0.0
29/10/2019,0.0
30/10/2019,23.6
31/10/2019,0.0
01/11/2019,3.6
02/11/2019,0.4
03/11/2019,30.0
04/11/2019,27.6
05/11/2019,22.2
06/11/2019,29.4
07/11/2019,12.6
08/11/2019,47.8
09/11/2019,33.0
10/11/2019,0.0
11/11/2019,3.4
12/11/2019,2.2
13/11/2019,10.0
14/11/2019,0.8
15/11/2019,28.0
16/11/2019,30.6
17/11/2019,46.2
18/11/2019,11.2
19/11/2019,37.8
20/11/2019,6.0
21/11/2019,4.6
22/11/2019,2.2
23/11/2019,13.0
24/11/2019,31.8
25/11/2019,3.8
26/11/2019,0.0
27/11/2019,1.0
28/11/2019,48.6
29/11/2019,3.0
30/11/2019,2.2
01/12/2019,0.0
02/12/2019,30.2
03/12/2019,0.4
04/12/2019,0.0
05/12/2019,0.0
06/12/2019,0.0
07/12/2019,16.8
08/12/2019,3.2
09/12/2019,26.0
10/12/2019,0.4
11/12/2019,0.0
12/12/2019,16.4
13/12/2019,9.4
14/12/2019,33.2
15/12/2019,4.4
16/12/2019,0.2
17/12/2019,0.0
18/12/2019,0.0
19/12/2019,0.0
20/12/2019,1.4
21/12/2019,68.4
22/12/2019,53.0
23/12/2019,0.0
24/12/2019,0.0
25/12/2019,0.0
26/12/2019,0.0
27/12/2019,0.0
28/12/2019,0.0
29/12/2019,0.0
30/12/2019,0.0
31/12/2019,0.0
01/01/2020,0.0
02/01/2020,0.0
03/01/2020,0.0
04/01/2020,0.0
05/01/2020,0.0
06/01/2020,0.0
07/01/2020,0.0
08/01/2020,0.0
09/01/2020,0.0
10/01/2020,0.0
11/01/2020,0.4
12/01/2020,0.0
13/01/2020,0.0
14/01/2020,0.0
15/01/2020,2.0
16/01/2020,0.0
17/01/2020,0.0
18/01/2020,10.8
19/01/2020,0.4
20/01/2020,0.0
21/01/2020,0.0
22/01/2020,0.0
23/01/2020,0.0
24/01/2020,0.0
25/01/2020,21.4
26/01/2020,2.4
27/01/2020,0.2
28/01/2020,21.6
29/01/2020,2.2
30/01/2020,0.0
31/01/2020,13.6
01/02/2020,24.8
02/02/2020,0.2
03/02/2020,0.4
04/02/2020,0.0
05/02/2020,0.0
06/02/2020,0.0
07/02/2020,0.0
08/02/2020,0.0
09/02/2020,0.8
10/02/2020,28.8
11/02/2020,0.0
12/02/2020,0.0
13/02/2020,3.4
14/02/2020,18.2
15/02/2020,0.0
16/02/2020,0.0
17/02/2020,0.4
18/02/2020,14.0
19/02/2020,0.0
20/02/2020,0.0
21/02/2020,0.0
22/02/2020,0.0
23/02/2020,0.0
24/02/2020,0.0
25/02/2020,0.0
26/02/2020,1.2
27/02/2020,53.6
28/02/2020,0.2
29/02/2020,0.0
01/03/2020,27.6
02/03/2020,33.4
03/03/2020,35.4
04/03/2020,0.0
05/03/2020,28.0
06/03/2020,9.2
07/03/2020,0.0
08/03/2020,0.0
09/03/2020,1.8
10/03/2020,0.0
11/03/2020,0.0
12/03/2020,0.2
13/03/2020,0.0
14/03/2020,0.4
15/03/2020,0.0
16/03/2020,0.0
17/03/2020,0.0
18/03/2020,0.0
19/03/2020,0.0
20/03/2020,0.0
21/03/2020,0.0
22/03/2020,0.0
23/03/2020,0.0
24/03/2020,0.0
25/03/2020,0.0
26/03/2020,1.8
27/03/2020,1.0
28/03/2020,0.0
29/03/2020,0.0
30/03/2020,0.0
31/03/2020,0.6
01/04/2020,0.0
02/04/2020,0.0
03/04/2020,0.0
04/04/2020,0.0
05/04/2020,0.0
06/04/2020,0.0
07/04/2020,0.0
08/04/2020,0.0
09/04/2020,0.0
10/04/2020,0.0
11/04/2020,0.0
12/04/2020,0.0
13/04/2020,1.0
14/04/2020,1.2
15/04/2020,0.0
16/04/2020,0.0
17/04/2020,0.0
18/04/2020,0.0
19/04/2020,0.0
20/04/2020,14.0
21/04/2020,0.6
22/04/2020,0.0
23/04/2020,0.0
24/04/2020,0.0
25/04/2020,0.0
26/04/2020,0.0
27/04/2020,0.0
28/04/2020,34.6
29/04/2020,12.8
30/04/2020,3.0
01/05/2020,2.4
02/05/2020,0.4
03/05/2020,0.0
04/05/2020,0.0
05/05/2020,0.0
06/05/2020,0.0
07/05/2020,0.0
08/05/2020,0.0
09/05/2020,0.0
10/05/2020,0.0
11/05/2020,28.8
12/05/2020,24.2
13/05/2020,0.4
14/05/2020,1.2
15/05/2020,3.2
16/05/2020,0.0
17/05/2020,0.0
18/05/2020,1.0
19/05/2020,31.8
20/05/2020,1.6
21/05/2020,0.0
22/05/2020,0.0
23/05/2020,0.0
24/05/2020,0.6
25/05/2020,0.0
26/05/2020,0.0
27/05/2020,0.0
28/05/2020,0.0
29/05/2020,4.6
30/05/2020,0.0
31/05/2020,0.0
01/06/2020,0.0
02/06/2020,0.0
03/06/2020,0.0
04/06/2020,40.6
05/06/2020,1.2
06/06/2020,0.0
07/06/2020,1.6
08/06/2020,19.0
09/06/2020,0.0
10/06/2020,25.8
11/06/2020,0.0
12/06/2020,0.0
13/06/2020,6.6
14/06/2020,8.2
15/06/2020,0.0
16/06/2020,0.0
17/06/2020,62.4
18/06/2020,0.0
19/06/2020,0.0
20/06/2020,0.0
21/06/2020,0.0
22/06/2020,0.0
23/06/2020,0.0
24/06/2020,0.0
25/06/2020,0.0
26/06/2020,0.0
27/06/2020,0.0
28/06/2020,0.0
29/06/2020,0.0
30/06/2020,0.0
